-- phpMyAdmin SQL Dump
-- version 5.2.0
-- https://www.phpmyadmin.net/
--
-- Host: 127.0.0.1
-- Generation Time: Apr 24, 2023 at 04:04 PM
-- Server version: 10.4.27-MariaDB
-- PHP Version: 8.2.0

SET SQL_MODE = "NO_AUTO_VALUE_ON_ZERO";
START TRANSACTION;
SET time_zone = "+00:00";


/*!40101 SET @OLD_CHARACTER_SET_CLIENT=@@CHARACTER_SET_CLIENT */;
/*!40101 SET @OLD_CHARACTER_SET_RESULTS=@@CHARACTER_SET_RESULTS */;
/*!40101 SET @OLD_COLLATION_CONNECTION=@@COLLATION_CONNECTION */;
/*!40101 SET NAMES utf8mb4 */;

--
-- Database: `appointment`
--

-- --------------------------------------------------------

--
-- Table structure for table `accountstatus`
--

CREATE TABLE `accountstatus` (
  `ID` int(11) NOT NULL,
  `Accountstatus` varchar(11) NOT NULL
) ENGINE=InnoDB DEFAULT CHARSET=utf8mb4 COLLATE=utf8mb4_general_ci;

--
-- Dumping data for table `accountstatus`
--

INSERT INTO `accountstatus` (`ID`, `Accountstatus`) VALUES
(1, 'Active'),
(2, 'Not active'),
(3, 'Pending'),
(4, 'Denied'),
(5, 'Admin'),
(6, 'Registrar');

-- --------------------------------------------------------

--
-- Table structure for table `announcement`
--

CREATE TABLE `announcement` (
  `announcement_id` int(11) NOT NULL,
  `title` varchar(255) NOT NULL,
  `content` varchar(255) NOT NULL
) ENGINE=InnoDB DEFAULT CHARSET=utf8mb4 COLLATE=utf8mb4_general_ci;

--
-- Dumping data for table `announcement`
--

INSERT INTO `announcement` (`announcement_id`, `title`, `content`) VALUES
(1, 'asdsad', '0'),
(2, 'joven', 'miran'),
(3, 'today', 'ah basta haha'),
(4, 'eunice', 'eunice syota ko hahaha');

-- --------------------------------------------------------

--
-- Table structure for table `currentstatus`
--

CREATE TABLE `currentstatus` (
  `ID` int(11) NOT NULL,
  `Status` varchar(255) NOT NULL
) ENGINE=InnoDB DEFAULT CHARSET=utf8mb4 COLLATE=utf8mb4_general_ci;

--
-- Dumping data for table `currentstatus`
--

INSERT INTO `currentstatus` (`ID`, `Status`) VALUES
(1, 'Requested'),
(2, 'Approved'),
(3, 'Finished'),
(4, 'Denied');

-- --------------------------------------------------------

--
-- Table structure for table `documents`
--

CREATE TABLE `documents` (
  `ID` int(11) NOT NULL,
  `DocumentName` text NOT NULL
) ENGINE=InnoDB DEFAULT CHARSET=utf8mb4 COLLATE=utf8mb4_general_ci;

--
-- Dumping data for table `documents`
--

INSERT INTO `documents` (`ID`, `DocumentName`) VALUES
(1, 'Document Request'),
(2, 'Payment of Tuition'),
(3, 'Other Concern');

-- --------------------------------------------------------

--
-- Table structure for table `schedules`
--

CREATE TABLE `schedules` (
  `ID` int(11) NOT NULL,
  `Document` int(50) NOT NULL,
  `DateSched` date NOT NULL,
  `TimeSched` int(50) NOT NULL,
  `Code` int(10) NOT NULL,
  `IDNumber` int(12) NOT NULL,
  `Currentstatus` int(11) NOT NULL
) ENGINE=InnoDB DEFAULT CHARSET=utf8mb4 COLLATE=utf8mb4_general_ci;

--
-- Dumping data for table `schedules`
--

INSERT INTO `schedules` (`ID`, `Document`, `DateSched`, `TimeSched`, `Code`, `IDNumber`, `Currentstatus`) VALUES
(286, 1, '2023-04-24', 1, 0, 9234, 4),
(287, 1, '2023-04-30', 1, 0, 9234, 1),
(288, 1, '2023-04-25', 1, 0, 815715, 1),
(289, 1, '2023-04-30', 1, 0, 815715, 1);

-- --------------------------------------------------------

--
-- Table structure for table `students`
--

CREATE TABLE `students` (
  `IDNumber` int(11) NOT NULL,
  `Firstname` varchar(50) NOT NULL,
  `Middlename` varchar(50) NOT NULL,
  `Lastname` varchar(59) NOT NULL
) ENGINE=InnoDB DEFAULT CHARSET=utf8mb4 COLLATE=utf8mb4_general_ci;

--
-- Dumping data for table `students`
--

INSERT INTO `students` (`IDNumber`, `Firstname`, `Middlename`, `Lastname`) VALUES
(1, 'Joven', 'Faigmani', 'Miran'),
(2, 'Jovenn', 'Ffaigmani', 'Mirann'),
(9123, 'Joven', 'Faigmani', 'Miran'),
(9234, 'Wilmar', 'Reyes', 'Lacaba'),
(815715, 'Joven', 'Faigmani', 'Miran'),
(422005012, 'Eunice', '', 'Galan');

-- --------------------------------------------------------

--
-- Table structure for table `timeschedule`
--

CREATE TABLE `timeschedule` (
  `ID` int(11) NOT NULL,
  `TimeSchedule` text NOT NULL
) ENGINE=InnoDB DEFAULT CHARSET=utf8mb4 COLLATE=utf8mb4_general_ci;

--
-- Dumping data for table `timeschedule`
--

INSERT INTO `timeschedule` (`ID`, `TimeSchedule`) VALUES
(1, '8:00am - 10:00am'),
(2, '10:00am - 12:00am'),
(3, '1:00pm - 3:00pm'),
(4, '3:00pm - 5:00pm');

-- --------------------------------------------------------

--
-- Table structure for table `users`
--

CREATE TABLE `users` (
  `Id` int(11) NOT NULL,
  `IDNumber` int(12) NOT NULL,
  `Email` varchar(200) NOT NULL,
  `Password` varchar(200) NOT NULL,
  `isAdmin` int(11) NOT NULL,
  `IDPhoto` blob DEFAULT NULL,
  `image_type` varchar(10) DEFAULT NULL,
  `Approval` int(11) NOT NULL,
  `isRegistrar` int(11) NOT NULL
) ENGINE=InnoDB DEFAULT CHARSET=utf8mb4 COLLATE=utf8mb4_general_ci;

--
-- Dumping data for table `users`
--

INSERT INTO `users` (`Id`, `IDNumber`, `Email`, `Password`, `isAdmin`, `IDPhoto`, `image_type`, `Approval`, `isRegistrar`) VALUES
(8, 0, 'datamex@gmail.com', 'schooladmin', 1, NULL, NULL, 5, 0),
(10, 0, 'Registrar@gmail.com', 'schoolregistrar', 0, NULL, NULL, 6, 1),
(13, 9234, 'wilmar@gmail.com', '123', 0, 0x89504e470d0a1a0a0000000d4948445200000015000000290806000000daaf62400000000467414d410000b18f0bfc6105000000206348524d00007a26000080840000fa00000080e8000075300000ea6000003a98000017709cba513c00000006624b4744000000000000f943bb7f000000097048597300000b1200000b1201d2dd7efc0000017a4944415448c7ed963d2f045114869ff7ccec06898f42c447b7a5f8050a8d8642e147a9147e0585bfa0d1092505e58a486cb20d11cbb27315b364257bcfee4c50cd9bdceacc7de69ef79c7b664421d926846da175600598063e800ed085d001dd8f09d386b05391046123d718c0644b58671c587f65a388abc2de0a0083b0ccdca4490e807a31df414e684de8aa28102075a03b63ec7f81702df40804a006bc3b29d8a1ef9d8e410d61dff618e6da89a1933830b90345ad1b9abe482cc06c9ed130653710a2fd183bae7cbf79f6b38ccbb919726f8d6fac432d0c0df47ae48322a6ae074d0d5b0212a03790761a60d2d93763d83c795f0eaa0ebc4a58ab1ffc18801a3047bc585da03d043a015ca4c042094febc072245633dc2a9751b82c5b7d47bafd756880a631a2e78a2b6bfe41fab452d02e3fe76020efdb7d088dc8c673d05effb92fd5447812f6107d9d48ce9c797ae41dd522c004ffdbe4ddb6d203c55505ada015b482fe0b74ca89b9a3cffbb36b018b9158db837e02371f76e3d75470ff0000000049454e44ae426082, NULL, 1, 0),
(15, 815715, 'iamjoven23@gmail.com', '12345', 0, 0xffd8ffe000104a46494600010100000100010000ffdb0084000906071312121512121316161517151818191817191a181e18201d1a17181a1a1917181d28201b1f261b1d1721312125292b2e2e2e18203338332d37282d2e2b010a0a0a0e0d0e1b10101b2d2620252d2d2d2d2d2d2d2d2d2d2d2d2d2d2d2d2d2d2d2d2d2d2d2d2d2d2d2d2d2d2d2d2d2d2d2d2d2d2d2d2d2d2d2d2d2d2d2d2d2dffc000110800d400ed03011100021101031101ffc4001c0000020301010101000000000000000000000604050703020108ffc4004f10000201030203040606070407040b000001020300041112210506310713415122326171819114234252a1c13353627292b1d11582a2b21724436373e1f0083444f11625647483a3b3c2c3d2d3ffc4001b01000105010100000000000000000000000001020304050607ffc4003a110002020200040207050607010100000000010203041105122131415106131422326171238191a1b1334252c1d1f01516345354627224e1ffda000c03010002110311003f00dc6800a002800a002800a002800a002800a002800a002800a002800a002800a002800a002800a002800a002800a002800a002800a002800a002800a002803c8719c6467ae3c7c7c3e07e5401ea800a002800a002800a002800a002800a002800a002800a002800a002800a00f84d007da002800a002800a002800a002800a00a0e77e621616ad3601727446a7a1639c67d80024fba993972a22bacf570d8add8dcf24cb77712b9791e545666ea74a9207b00d47006c3c299575db21c46e49ca446e7bed2de195adecc2e50e979586ac30eaa8bd320ec49cef918f1a25669e90cbf2f95f2c4afe45e33c57885c056b9610210d2b048d76ea115953396e9b1d864f965212949f71b8f3bac9757d0d52e788a230527dfecf7d53c9e2b463daab9befdfe46bd78f39c79912a39030c8208f655faed858b707b442e2e2f4cf752087296e157d6603df505b93554b739243a3094bb2214bc6631d327dc3fad65dbc7f161d16dfd0b11c3b1f7e8476e3de487e754a5e92c7f76bfc5932c07e2cf3fdbc7ee0f9d47fe657fc0bf117d83e6038f79a7e3ff002a72f497cebfcc1e07fd8f6bc7878a1f9d48bd24afc60ff11af025e0cec9c6a33d723e15661e9062bf8b6bee2378562ec4b86f51bd5615a54e763ddf04d104a99c7ba2455b233cc9205192401eda659646b5cd27a42a8b6f48851715467d03e07c0d65d5c671ecbfd545fd1f837e44f2c59c61ccc4ced2f8b5fd9159eda4fa86c2b028adddbf81c9190186dbed91ed15a564a51ec6664cecafde8f62a793fb5291e6586f5530e42acaa34e92761ad7a609f118c796370d8dbd7a91d399b7a9971daf5e496f15adc42e52449ca861e4c8c4823c41d0320f953ad6d69a25ca9384549798cdca3c796fad52751a49d9d7eeb0d987bbc47b08a7c65ccb64d558ac8f322ea9c481400500140050014005002adb736acbc4cd8c782a913976f39014f417d8a0b67dbb6d8dd9cfef68815bbb3910b1db5c5248d671448ce58cc74a02c491dd01b0f79f9d32ef020cc5296923c72c5da70eb41034f1c2f248cd2cc7d3d2db29481067bd750141619456cfac415a48be55a16a6aa872b64fe11c91c22eb32c5234f924b7d69ce4ee7505c3024efbd2aae0fa8e8d14cfaaea3798e1b384470a2a0fb2aa3033e24f9fb49dcd52e259d1c4ab6be27d91a18d8fcef95761578e7174b74efa6d6c59822220d4f2b9e8a8be26b97e1dc36ee276c9b7a5e2d9a775d1a22925f711787f355a48da56e04520d8c73660707c8abe01f813572ef47b3f1dee97b5f26471cbaa7f117827761b3923cc3023e60d51953c4be1929fe648a54775a2a389f305a41bcf75129fbbab5b7f0265bf0a968e039f90f6e3af9b12595543b101f9a350cc3657320f079345b21f734cc091f0ad8a7d148f7b6dfb915a5c41feea29eeb9de50703fb3e2df7d73c931ff00e5281f8d69d5e8c6147ba93209675ace9c3798ef6e0e219f8631ce31dddc75c671b9f2a5c9e11c3b1ea9593adea2b6fa84726e93d267bbbe61bc864eee59b8686f2d37031ef20d57870ee156c14941adfccb518e5b5b4795e71b80da5a1b4761d44734abfe78cd472e07c365d9c97e63d7b5a5bd13e0e6e1fed6cae631f7a3297007b488ceac7c2aad9e8bd525f656fe237daac8fc7127d9732594bb477516afbaeddd37bb4c98359777a399d5f551dfcd124732a7dfa170b7440c89401e7ad71f3cd450c4e271e918cbf1639d98efbe8a8e21cd568874bdd2bbe70122266727c82c79fc6ae4380f11c8eb6f45ff006646f2a987c2bf024709e271dc21922d634b947475d0f1b0fb2e87d538c11efaa1c4b85dbc3e49b7b5e0d12d37c6d5a1aeca64b88da29543646195864303e60f5ae97847105955f24fe25f9af333f2b1f91fc98a1c67b32e18a0caf2c96f18eb891428f8caac47ceb525547cf465cf16aefd885cd532df59b5ba4d1dc3c722b432a11e9b0d4a239573f572329600ecaed8c69242d249a947484b75643953df91d7b11d4b15d46c0a9595495604104ae0e41dc1f44514f6626126a2d31a784f342cb7d7364c02bc24143f7d74216f8ab31f811e469ea7b6d16236a7370f218e9e4a1400500140050046e2171ddc5249d742337c949a4623ec60bd98dc3ff6a40d924b99759f3cc723127e23355abdf3232719b771b25d5cfd24940fa2dd49579356932b03831c6d9d941d9986e4e54789161f534dbe6fa0b5cdbd99addc9df433f7674aa8465d48aaa30ab1e92342e3c371b9a8e55f33da20b71558f699cb8076670da30b8b899a4643950998d73e1920ea6f7640f306a0ba75e3d6ecb1f45f98ec7c1f7bbf52df88df03ae69582a202ccc7a2a8ae33edf89e524bbbfc91d17bb456653cc3cc72348270b89dd4adac67ff0d09eb2b8f09641bfb148f3c57a560e0d78d4aaa1d977f9b31adb1d92db166e79b6555ee58adce0fa4d3aaca33e48181c0f68abcaa4faf622d9d2db8d41dd99a5b0b6c745015975b7b836001eca391ef49b148279b655cf711416fed8a2556fe3c6afc69caa5e2d89b39c5c567eea49a495d998845d4c4efd49c1f650e2b7a48085fdb121f58237ef2034ee4403a766975ae743a107d611e8ae3ec139f7fb6b238e2d60dbff00964d8ffb48fd4edcfd7ec979200a9e1b9504fceb0f11fd843e88e9f1e09c3f129ae2fe46855d58820957c6dbf507d9563648a094b4cae8eee4560e1d830f1c9cd3495c535ad177371779a3d6cb1c8c9eb89115f6fbc323e753c6fb23f0b29cb0ea72d4910edb8ac2a7d2b3b761e3e80fc334ff006cb7cc63e194f823bdc5fcb1aea81c2c47f56aa9a7d8c140dfdb514ed9cbbb26ab1e98f4e55b2eb973999d64fa4105a40a16751fede21f680fd6c7b907c4647953dd75e5d2f1edf1ecfc999f998ce997aeafef355b3ba18496260cac03230e8c0ee0fcab83b2bbb87e4e9f469fe23d385d0f91079af9187122278ae1d24f1472d226718f4413f57fdddbd99c9aed7172239952b23f7a39fccc27cdad917943b327b797bdb89d58696531a0255d5860ac85c6ebe38c7500e76ab51ab4f6caf4e2723db63958c8d6f2082462c8fb432b6e4e37eea463b9603d563bb0073e9025a45d3a1663eebd18daf1274e3a65dc1fa7143fba5cc47fc06abef53fbccd536b237f337dab46b1f6800a002802bf8ff1216d6f2ce467bb8d9b1e640d87c4e07c691bd2d8d9cb962d8abd9771737965224cdaa45924573e244997071e596603f76a3adee3d4831acf5907b28b943919eda46577ccc508768c902243f655ff005b263191ea2ea39c9534908688eac7e47f31578e72c7149e6cc96927dd454d2638d46ca8841d2aa06078799dea37093ee8ad65574a5d87aecfb9125b4227ba9594aeeb0a39d0bed93070c7d9d075dfc1e92827293d68b98f8f28f593ebe430712bc32b607aa3a0f3f6d715c4f3a59b77243e14f497f33a2c7a9550e67dccdb9ab8c2ce59461ada063852702f275df40f38a3ea7c09fc3b6e0bc2d61549bf8df7f9233326f764be4665c6f88b6a705b54ae732bfbfec0f60ae82315f7154abb1b632384e83c4f901d4d3e4f480f7c4ae83b6176451a507b3cfe3445680894a2163c57d158a2fba993ef6dcffd7b69b1f314aea7083e7657fa65ff008bff00d86b1f8eff00a1b7ff002c9f1ff691fa9efb45ff00bec9f0ac1c4fd843e88eab1be0fbd951c2bd2d717df538f78dc7e756179124fa699029090ed67706360c3e23cc788a543651dad1d3885b846cafa8c352fb8f87c2868483da3cd9dd18cf9a9d994f461421651d92590c4c92c2495272a47507ee9f6d2ae8f6866d4938c87ee4ee302065864c241336541dbe8f2b1f548fb31c87247dd6da99c4b09710a371fda47f35e4624a2f1acffab346b0ba313fb3a115c7f0fcd9e15dd7b76689eea95b1e8537685cad75723bfb39e5208f4a0ef582b6dd6304e907cd4e01ebd7af75b56c54e0fa339bcaa2c6fdd7d7c844e54e11c4229c442d6e3ba66025428c8a4647a619b0aaea406570720a8c1a6c5493d68a94c2d53d69ebc46b9b92e49389a4f95ca4d1bce0ec580f492741e21f4e0af8387c646f523adf36cb0e86ed52fc4b9e69e6b36fc52ce007d06044a3fe2b04427daa573ee27ce9653d4d224b2ee5b2311ec54a590a0028015bb4f859f865c05ea0231f72c88cdf8027e14cb3e1641929ba9e8cdfb25e226ddeea4c657b9418c81a9cb858972761a8b30c9e9926a2ade9b29e1cb5b65eb769b6f6b948a36b872c5a597223591cfac532092a301573d15540c814ef5a9134b2e10e8ba977c97cef3f1199956d56385065e42e5b73eaa8f440d47af8e00f68a584dc9f61f45f2b5f6e836714819e3214efe5e7ecaa3c568b6ec771adff00fa68e3ce309ee427716b479609a18dcc723c6c8ac362091f867a67c335ca706ba18f9b176af1d7d0d2c98b9d6f94c679925d11c3328d29dd08628bf52e9e8cc0f9b07c9c9ebab3e35ea95f5e861316c5fa49b4eb93f7d766f8f81a974d76109b1590589bba70cd26c357a0748ea003d77a6f375ea055cbc3a55f5a36f80cfe22a4e64079b28354a8847561907cbc7f0a1be807de252eb95dbf68e3dc361f80a48f60235384346eca6d48d7391b23ec3ef1d3802b3789c15b4caa7fbcb458c68ee69f823e769283e965c7475047c45612a95518c17823a6c29b957d458b49743ab79303fd7f0a0b525b474e271e995c7b73f3dff3a56241ed1ca3819ba2b1f70268d0ae497896b1d8bb43a1c692a72a5b0363eb03e5e74a91139a52da228b6897d79751f28c67fc476a4d21dcd27d9122d389a29d0a9a10f539cb7906cf4a54c6ca0dadb3ad85995694caa6404777a37fae67da35046f92d839f0c13e1563163276f47dbab29f10b20a8d35dcd9784c12c76f0c73b8799630b230f13eff001c0c0cf8e335c471ab69b73252a574fd5f995f163255ae61bb82c0ca9e91ebb81e55d2f05c6b69a3ed1f7ecbc8a19738ca7ee8b1cd7cfcdc3ee3b996d4b2300c922b8f48743e895d886d88cf91f1ad5959cafaa332dc8f572d3457da76876d73223aabc53479f45f044b19fd222b2e72c000e01c125001d4d22b1363619309bdaee21f3bb349c5e5c6ec668953c7ecc6131ec3b1f8d4527b932a5db779fa12ad1ac14015fcc1c505adbcb70c3508d756078f41814927a5b1b3972adb0b5b986f2df5a112432a11ef04156523c0f50478114269a113538f4f11222e44458a5b281f711ea799c67548f95518076d11779b7fbe07ad45ead76440a84a2e312aec7b1e3a877f7434e7d58d304fb0331c0f91a454f9b218e0f5eacd3783f0986d6258604088be1e24f89627724f99a9924ba22f462a2b489d4a385de3b6fa5c38e8dfceb8be3d8bea6d56c7b4bf53530ace68b8bf031ded0f8580d76806cea97b1edd093dcdc01ef6d0d5dc706cb7918b5cdf7ecfee33722be4b1a32c8a32cc1475240f9d6d32b9338cb832691eaa0083e1d7f1cfca9b0ec29c22bb917d5761ee27f952e9016bc278948ccdadb2aa8cdb81e1d37c5327140433c509eb1427de9ff3a772807f68af8c117c8d1cbf30d9a07235ef7b6932471aa9460c547da1e3fe1c8f8d657158ca353947c3f4f134b85383c98c67e3bfc7c0b1e79b779e6fa44502c91b2039232478153ed076ac88494e0a51ec6b551f53bae6faafef623cb7a54e0c31023cd3fe74bb2e2827e249bfe20ea2365c0d4809f4475e87ad0d8c841754409388ca7ac8df038fe549b64aa113ef0fb922552c4904e0e77d8ede3ff5b5098928f4e871ba8743b2f9123fa7e140b17b5b39520e34be44b5ef258350dade0331f6bc84c70e7cf4a8908f7d19d7fb3604e6bbcba2fa18393f6992a3e08d3b845b6b937e8373f95729c1b13da32372ecbab1f95672434bc46715de18e54f32f2f437d098a71b75561b321fbca7f2e869b28a92d31965719ad33309bb22b957061b98880d905c3a11839070030c8f7d43ea5947d8a49ed31aacb93216bc8e63b3dab01a40f45d74ea808f11dde7403e3dc8f2a7a875d965531734fc866e2dc762b792089cfa73c8111475f6b1f60d87bc8a91c927a2594d45a4fc4b5a51e5273b59b4d61731a8cb1858803c4a8d407c48c5366b716476c79a0d191f657cccf6f7296ecd982760b8fbae76561ef3853ef07c2a0ae5a6919d896b8cb95f6639f1be784b18b52a892e2e1de60b9c0084e9899cf5fd1aa00075c1e9524ac51fa96ecbd56be6caeeccafae6fef65bbb972cb14651474456723645e830a0e4ee771934dadb949b6478d39d937291aad4e5e0a00aae3ebf560f930fceb03d2186f193f265cc27ab3465dda02fa707ed5adf21f72ac6e0fcc55cf45a4fd95fca4373d7da18df0451deea3d1159cfc07f535d7cca04266c924f53bd392d01f2810b0e1fb453b7ecaaff11c535f74295f4e10f9401a6f641048a669304000ef8dbd523c6b338a58a1449f92658c58f35b15f31d6ca364c01eaeb19f7ffe55c1e1655919c62bb3923accb55ce2e4fba4ff00010bb44b6449c69001237c57473df8f72be049bafe5e050dcef0447c99d7e6734df02cc7e3641a4240a009fc5b728ff7d14fc7a1fca9591d7e440a424361e428c0fa5fb1ad93e0200c3f16359fe9249ac5a97836cc1abae44d9a3f2eafa2c7db8a8fd1b87d94e7e6c8339fbc91715d2944280323e68e65bae17c4a5d1e9c12e99444f9d3b80ac51bec1d6adecdf706a0949c6450b6e9d567c98d9c379a60980bd4244661916507d6568877aaa7dc86623cf3522927d4b11b6325ce8cd397788cdc438c41349bb779ab03a4689a9c28f60fc49f6d4116e524ca35ce565e9b37bab46a9f28032ae3fd9e773762ee0205ba9699d7383114064f47cd4b018c7ab9f2a8255f5da28cf192b39d762bb8c7205ddd5f385511c2ab0a091cec02c51ae1546ed820edb0cf88a4709390cb31e5659f234fe57e0b0d9c22de1df49f4c9c6a6620125b1e2469dbc062a68c54569176b8460b9625c538902802af980fd58fde1f9d60fa432ffe54bcda2e612fb432ee79917bf8750ce8b2bc7c74cead098cfceaefa3116b0feb2199cfed0ca2d6384c72b2314d4029d7b819f00479d756dbdf528908f0893195d2e3cd181a773a022cb6aebeb230f7834bb404b88e2d5fdb228f90cd23f880afa700c7c87c105ddd2c6dea8dcd55cec858f44ad7e09b1d08734923f40dbf0a489024630be43c71e27cebcd3238864e5c9a6dbf1e55e1fdfe66c54aba9745f7906ca78e627bb64601980c1cead3e8b918f00c719fd9f68ab97e3dd854d6f974d3e6937e0e5a497f3156446c94b6fe5f875665fda501f4a38393e3eff1fe95b8fe18f5df445fc16dd7d85f1bdb1f64a3f15a4f02d3e93212ae7a6feea41fb4488ec256e88df118fe74ba6239c5789613d89eea30eca854b03939ea7206dd4fb2975d0894fde7a22e204fbd21fe01fd693a127befe4699d9fcb992ec631a92d2403c3f46d19c7c56a97a431e6c1ae5e4d98705ac99234de5c6f4587b4557f46e7bae71f99167af7932e2ba52805002a73ef29af10895430499326363d37c6a56c6fa4edb8e840f7164e0a4417d2ac8fcc41e5ae55ba8d2eede7468f598d549c152ceb71082add0fae338df04671b542a32ea995a9a6514e321afb30e4b6b3537138faf9171a7af74bd74e47562719f701e7992b872f564d8d472757dc7ea94b420769bc72e2c65b4b984fa1f589221f55fd46504781c07c3751eec83159271d3455c89cab6a4899073641c4387dd3459575b7975c6deb2fa0dbfed29f023f03b52a9a927a1f1ba3641b471ed0f9e8588ee2101ae1973bf4881d8311e24f82fb327c01273e5e833232156b4bb87641acd934b2316696e247d4c724eca84e7dea692af845c5db86df88f35296428029798a4f557de6b96f492c5cb087de6860c7ab663dda04ff00eb372d9da1e1c91fb9a59437f9735d3700ab930ab5e7d4a7952ddaccc4ed6bfbd2ff0025feb5bffbc5620ab6371b1f66d4ed2024c5c4a65e9237c4e7f9d272a02c9b893fd1c3b69626423d2504600f2a672fbc042fed31e30c27fbb8fce9dca03df6617110692728b1e81f64127c86c2b3789494296a4b69f744d4439e7ade861e2bcc6c589759cc65b505280274c6c4aeac1df6cfda3585464d1534e15adeb5bdf5d22f3c594be2910b9778fc56da960b72759e83638f000aa6719dfde77cd4b7e6abf5cf0debb75fcfea3e18518f5e717b9a6f02dc3031213e3a86483e47ddd2893ebb35f1e1b82ea4382f8f732304452a5760bb6e71b8a44fa0f70f79221b7159befe3dc00fca93649eae24792e9dbabb1f79346c772af224a0cdb37b2407e6314780c6fdf20d2121a4f6793ffac47e52d9ba7f7a1915c7f85cd271287ade1935e29ecc2bd7265a7e68d5b97e4c391e63f9573de8edbcb7ca0fc57e8373a3b8a630d766658500671dac7129ad25b2ba85b050caa47836aeece961e20853b7b01ea0543636b4d14f2a72838c9175c3f9923bfb48e68f2a45c5baba1dca377d1e47b460e41f11f114f525244b0b1591daf915dcfdda1a5a6a82df0f718c13f662f7fde6fd9f9f916d966ba2ee32fc950f75771b397038b4b7ef58b49dcc65cb6e4b1505b3f1cd3d76ea5886f956c8bce5cbeb7d6af01386d9918fd971d09f61dc1f61344a3b5a196d6ac8e9989f02e1f736d7df47742923c5346ca7a32b44fb823d65c80d91e2b5596d4b4675519c2cd326718e05717fc5678e30492eac5cfaa88caa50b1fdcc607538a569ca4d21674cacb9a46d9c0eca38214b78882b1009e19ce013ab1e273a8fef5598ad2d1a708a8ad22c294705002d7166d7363cb0b5c2f189bbf379178691ad8ab92ad985f39df878aee61ff89be6553e71c0a113fcc7e55e978957ab8c2b5e0918f37ccdb142e3feed17b5dcfe55697c4c615f4f102802c67ffbb47ff11e9abe26295d4e10bbe54e33f4697d2dd186961ec3b6dedaaf9342bab707e23e13706a4bc0d2f8cce925bc6f1c8a518601271d319041f1ae2efc0b31e7a97636e3951b23b4575b7776f10b9670d9ce800e751538f9061f1c54b550fa4a5d892b4ec7a4245e5c191d9cf5273565bd9ad18f2ad122d3f4337ff0ff00cc685d864be2441a4240a009d6dfa097f793f9d2aec472f8d10690906de4ebe11b5b487fd95daa37b12756898fbb3a7e42add30f5b4d9579c598dc5172ca13f99b458368957f7b1f957058137466477e7a0b973d4c6a15e86629f68016f9f7808beb56814a8947d6459fbcbb1f810da49f0d429938f32d115f5fac868cbb9052781eed0a1574ee4b46db7a6926b50763f6564f78f9d430da7a28e3a941b4caee46e599788dc86704c21f54d21fb473a8ae7c598f5f2049f2cb6b8f3323a2a764f6fb1fa140ab66b066814e52db231566452cb9d24804ae4153a49e99048dbc0d023498bdfdb11d9f0e13c9b98a311903abc89f53a7de5d71ec1eea637cab6c8dcd421ccc59ec638ac939bdef0e59a44989fda93586c797a8bb79014ca9bebb2be1d8e5cdb34da98ba140093c5af3bb59e63f62395ff8558d70b831f5fc517fe99af63e4a3ee10b86f255bdc70fb3595995845de643019ef0993a1f611f2aeb73b8edf8b932ae14b925e2b7fd0cfab16338f33968f72f66b6a6344ef5b0a588391be4e7ceaa2f49f237fe99fe7fd093d8a3fc7fa1c47655687a4cff0087f5a5ff003464ff00c67f9ff40f628ff1fe87dff4556bfad7fc3fad1fe69c9ff8cff3fe827b147f8ff43b49d9a5a98d6332b80a49cede3f1a45e93e46f7eccff3fe81ec70fe323ffa2eb3fd7b7cc7f5a5ff003464ff00c67f9ff40f628ff1fe81fe8b6d3f5edf31fd68ff003464ff00c67f9ff417d8a3fc7fa1697bcbf1da592a46c5c6b6dce0fd9a65f9f66628ce7071d364d8f5aaf9927bec78b6e5686eacad9a472a42bf4c7eb1eabdf9d3a2318c6b722e576384e5a38ffa3ab5fd6b7e1fd6aaff008bd9fecbfefee2c7b44fe47687902d823a891886d393b6d839a5ff0018b7fd87fdfdc35dd2def6721d9bdb7eb1ff000a4ff17b7fd897f7f70bed32f91f7fd1b5b7eb1ff0a3fc5ecff665fdfdc1ed323aa767f6ca8e9de3e1b4e4edb60e697fc62dff0061ff007f70d77cb699c476736bfad7f98a4ff17b3fd997f7f70ef6999f38b727db416574622c5fb92e096e863225181fddad2e15c4ecb72a15ba9a4fbbfed14736529d4f6fb0ef0dc6b0928fb6a920fef286fceb98e230f539d34bc25bfcc9697cd52fa0e71b6403e62bbeae5cd14fcd18ad69e8f54f10cbb9ff00999ad38b5abefa2387d303c565721f6f1c04561ed5150ce5a914afbb92d8f90f374b1bcb6ec814eb2642c00f4d162755dfc46a9571eff6d4be45a7a6d16367691c48b1c48a88a301540007b80a5ec3924bb1de814a2e75e0ed7568e9192b2ae1e2607490ebd30c3a646573fb54c9c7688ed8b9474bb990708ed1efed9b4c8ddf2a9c324c30c307046b1e906f0f4b38f2a85592467472ac83d48b2e78e2e97563aa027bbfa52ca57c504a92021f1e3df2cdecdc79d2ce5b5d092f9a9d7b8f9971d95a2d959bde5c1d0b712c68a4fdd04aab1f205d9b7f219e94eafdd5b7e23f162ab8734bc4d4aa62f1e643b1f71a658f506fe42c7b999f3bcda7875e37fb92bfc4557f3ae43d1c8f3f104feacd4cc7aa74633ce972e974d12b90b1a471800e00d28abb0f857a656bddd988fb90a7bc93e8d11d6db3b8ea7df4abe21744017d27eb1be669fa4268ea9c5ae0749a4fe36feb49cb1f202ce5e3570208d84ad92cc09eb9c74eb4c505bd0a455e62b9fd613ef03fa52f24409d61797d31c46babfb94d6a31eec0d12cecae63e1e7e92ba58c9b0c636d0d5cf718717cae3e7fc8bf85d39be9fccf177c32ee4b6b636eb9511efb67a927f3a8eb84bd5c75e468d76d519c94df88ad7d2df45eb023da1691f3aee5e87a99f63845c62e0c52b191b2a531d06324e7c293998e7543997420b71ab83fed9fe071fca9399f9927aa8791c5b88cc7acae7dec7fad2733f317d5c7c89915dbfd1e43adb7751d4fbe9ca4f5dc638c79d7420fd324fbedf334ddbf324e48f9161c06e2469826a275aba104e410c8c37a9699b5622b6657174cba1af728cbaf87d9b7fece83f87d0fcab94f4961cb9f27e6919b84f752343b06cc687f645757833e7c784be48cdb56a6ceecd8193b0ab64662fdafc42636d7f11d514b1f77abc32acccbfc40b7f0d57b7c1a337316f535d8b0b2e6d5b1b3b6775ef255b558e24271eb9d64b1f0511adb9f6ea03db4e53d2449eb95704df7d155c178ff10e2d771c0d2958750695621a14229058120ea3ab65c12776a6a7293d11d76d96cd2f036d02ac1a47da0051e6aecfad6f58ca754531eae98f4bcb5a9183ef183b0de992ad3ea57b71e163df895961c98b656e6399c4f0bcacb2fa253eae511a8270c4e525446d59f44173b535434ba8d853c91d3eabf9159db5dd2c705b5a20014b17d2360151742ae3cbd2ff000d25dd9222cd96a2a2870ecf3899b8e1f048e72c14a313d49425327da4007e34fae5b8a2cd13e6ad31866f54fb8d36efd9cbe8ff0042c43e24661cf833c3ae879aa7ff00512b94f45ffd77dccd2cefd918d73ddb482f6e18a10bde360e32300e06e2bd2aa6b9518ccae5ded4fecca0fcd71fce9dfbc057d3840a00b1719b68c0fd6b0f98cd33f785355ecc3b3c8d93bfba5d59e8bf0ceff020fc4553bf21ef9623a31f11b38473570d8fbc0913422385e7d4d1e352472342c5772d9d4bb038cea1edc579c2c6936c5da3af1abb5bf8a6822f46685a3674908180f1175dd491b86f3eaa6a866e34e705a2c63daa127b3b5b7155b0b6b349033eb786dc3478c067e84ea20e9ce77033eca9b1ea7c9cbe486dd3529b9799db8971bb3333432a6ac4f1dbb498181248a5d109c863b00338c02c079e2555b686466e2fa31739f79323ee1dedd74938247bb7fc4556b2b5ada34f0f35a9a8ccc61d70483e1550df3e5004e718b61fb5293f218a5f0235d6641c5212177cb36327d2236d2400dd4ede07cea4a97be8ad9535eaa4be46a1d9eb13c32d32307438f8091f1f8573be9525edbd3c919381fb3fbcd2f85fe893dd5bfc2bfd1d7f428e47ed58b7da9f123070e9749c34856207d8deb7f8030f8d5cb1ea252c99f2d6ca3ecf7b8bbe0ed05d00d142ee1f248c007be0d91b8c06ea3ca9b5ea51d322c7d4e9d4bc038bf67af7cf14cd2ac20a65d7465816624260100698fbb8fc7d4a1d7bea16637acd36f437f2b72c4161194854e5b05ddb76723a64f801e006c327ccd4918a8ae858aea8d6b48bba712050050737f311b0884c606963ce1cab00533ea9208e84ed9cec71e74d94b956f4456d9ead6f427bf6b96ce0a496929460558651b20ec4692402319f1a8fd72f22b7b6c1f4685ce77985ec11cd0b997e8c195db075189b4949181df2a4147fdaf4bd520d326f7d57811dff00691dc7aebf41c780dc3f0ee071ce143300252a723224941c67c0e861bf98e94f8ee35ecb106eaa531af8271c8af6dfbf84e5482083d5180dd587811f982363458f754be8ff0042cd36467a6845e79427875de3a88837f0bab7e55c9fa3324b397cd335b37f64637cdf772477d394720336a1be47a4036403b78d7a5d6938a31591ecaffbc4944888d84d58034eac1df2452b8ebb010b5db3754913f74861fe2de97de00fa3407a4e47ef21fe628dbf201bb92797c4f801964549436de248d213d849c5417dbca858a3f40f0fb61146a83c06e46d93d49f9e6b29f57d4904ebce57bbb9fa62dd1b5413c451644323c830434684be02c6a464850351dfa939b0ad8474d6fa0dd13b8470130cd7772eca5ee1615d284b05114423f5881925b27a74c53276734545780a91c78e70796e20b21198c775716f3b6b62b958f72170a724fc28ae6a3bd8acf17bc98d24f23075eea4be82ecee750eed1832018c1cb6939c8c0276db77c6e497d1684d0dd770874643d18633e5e47e0707e155c727a306e72e00b0cc599c2024e57493820ee3dde23cc106aa591d33a3c3c973af5aea2f7756e3abbb7eea81fe6a8fa173737e04bbc9a2448d7bb2c34ea1a9b18d47c40eb4ad91c536df5227f6a30f51513f75467e669363fd5af13bf069d9a70ccc4e9591b24f4c231cfb3152d3d6c8fd4833351a24fe46bbc97168e1d66bfee15bf8896fceb96f4967bcf92f2466e0afb21dae78ac5696bdf4cd8455f8927a2a8f127a574dc39726257bf23332a6a3294989bcf172d7dc145d68d389165d39ce175b46327f75831f8d589be686ca17fda53bfbca3e52be8ac6cc2dd31513482764c659900511205f39194b6fb68539c6a14d83e55d4655255c3dff00a97ffe982d37fa8b8f947fff004a77ae5e43fdb61e4c7fb0b832468ec8d196507436352e77c3636cf98a9916d3da245028500739e15752ac032b0208232083b1041ea2806b7d0cd38df6451bb96b59bba07fd9ba9703f75b2081ec39f7d42eaf2652b30d37eebd13f95bb3f96cc487e92a64255a321080a464306cb7a48e08565dba02082010b1adc7c47d58eeb5dcb1e6abaeff0086dda69d12c711d7178a63d2dbef290a4ab0d881e6080b3eb163ec7bae4bc4cfbb1be26c978d6f9f4268db6fda41a811fddd63e5e550c3aee3e68a7833d4f439f1ab1ef61b883c5e29507bca9c7e38ae3f8559ea389477fc4d1d5deb9e8fb8c0b9b46a36d37eb2d62c9f3641ddb7e2b5ea75f668c2657706974cab9e8d953fdedbf9e29f2ec0459e2d2cca7ec923e54abaa03c0a510dabb39b882da156c9240d5e8807d2395c9248030b91d7ed9f2acbc9e694fb1247490c971cfb10fb0ff17857f9484fe150aa66fc076d15573da02e761001e6d3313f258ff3a77b35827323bf0fe6c7b8da010c8d9d380eca46d9db58d2deec8a65d5baa3cd2ec858bdbd23e5d732c909113f708ca0021ddb57b3f46aca36c789aaead8b5b4cb50c4b66b691d2d39cbef084fee4bff00ec8295591f3078772f02de3e6e4c0251f07a61e16fff002034bccbcc67b3d9fc22a76837305cc65d721b1bea006e3d5604120e57d13bfd95a659a68b981eb2bb34d3d332b8e32cc1475240f9ed550df6fa6c93c5e4ccac0745c28f86dfcf34ac6d6b5121d20f2cb85c47bab9900ce984c631e2d291128f9163f0ab7851dda9f919dc52ce5a75e66ed0db08d1221d23448ff8542fe55c1f13b1dd9b392fe220a23cb5213fb66e24c6582d73e8c710908f366d4a3e4a0ff19aed20b96b8c3c92394e216373d0f1cbd3f77c32d22d0249658142447a364024bec70801058e3c71824806d43a4122cc1eab4bc4a1e6cecdee2ea5591278f3a7d32e1816724967d81db1a540f05451e14d954dbee43762b9bda64ce50ecc63b5904d70e26914e5540c221f3c1ddc8f0270079677a58d697562d389183dbea685529702800a002800a00a1e35ce1656b912dc26a1f617d36cf9155c91f1c536534bb914ee843bb10f8a7695693382219a365c85947765b07aabc79c3c67c509f68c100889da9f815659706fb33cf26f00862bd86f1655489b598c60947d4ac804729e8773f55200e0823d2c6aa211ebb16aaa2a6a6875e289a26247890dff005f1ae2b8b56f1f35c979a91d2e33e7ab4631cdfc29105c40e84fd1e63347a4e0f733fa434f985935039fbd5e938590aeae16c5fc4bf331ec8f2c9c44516b136f1cd83e0241a7fc436abdb7e2464be2bc39dd8488036a51ab4907703071e629232d746055496b22f5461f034fda026f049d8bb47a88d71b2e33e38cfe54d9015c6427c4fce9e21e49a007becacfd72ffc51fe5acae35fe8edff00cb26c7fda47ea45e716cdece7f6cd60d3fb287fe57e875d4afb3453e4d484a5871490af76993e8c6be3e2773f952b23824f6c862476db2c7e6681deea27f08b470faca37a2091918c9f01bd2a432c9ad691c9b863f57644cf5d4c3f90a342fac5e07cee605f5a467f620c7e2693a06e6fc079e03c394bd8db2a69cb7d3a71939d11fa3006f7b9271ed1569d8b1b12cbdf9348c1cc9bb6f50f234cb28f5c8a3cce4ff003af3fc1a9e465453f17b65aba5c95b15b9ff0097d26be69de4531a448644c91a42e73dec806225208c6353b6fa57c477f38ee5bd9cbdf5294f6dff007f33a705ed1ac6273ad66676c2b4ddda85007aaa91872c910f05009f139249a556a42432ab4fa9a170ae376f72baa099241fb2771ef5ea3e22a54d3ec5c8ce32eccb0a51c14005001401f0d0061b75db0de59dd4d6d711473ac52ba646636201206e323a7b2b416242514d319ccd1d6f39af82714f4ae165b498ec6500609fda650437bc8ce3c4556b3025dd7521b29859dcb1e0dd975acfe9a7101345fee9573f17d6c3fc354de3b8bf788560adf5668fc27976dededcdb4718311cea57f4c367aead59073e5d29ea292d22e46b8c63cabb11f8870a58e31ddeac293b1666c03e00b124007a0e83c36ae7f8fe27aca95b1fddeff42fe0cf965cbe620f3df0e628b791a6b78159658ff5b037e917debeb0f2dcf853fd17e20b4f16c7ff0091d9d43f8d18af1ee1a217050ea8641ae27fbca7f911b823c0835ddc25b46633e70b7d68d0e704fa4873f68751f11f9d24975d811d3884cbd247f7139fc0d2f2a6049b7e352865d4d91919c81d3c7703ca91c1680ebc46f99246431c4403b650743b8fc284b6808ebc441ff6109f727fce9797e603b7666e5a707b90a3581e8a903a1deb2b8c2ffe3b57fd592d1fb48fd4e3cd7294bb981810fa6772a4e7db5894f4aa3f45fa1d554938aea54dbde6a75511443240f53cfe352a648e1a5dce97dc51848c142e01201d209db6eb436246b5a23b71598fdb23dc00fe42936c7fab89def27758955998bbfa6d92761f647b3ce95f61b149c9bd1574d252e797b86ab969e73a6de11aa46f3f245f36638007b6a6a6a76cf951572f21530df89a87255948124bc9d74cd7655b47eaa25188a31f0dff0086b1fd27ce5a8e2d6fb7731f0ab6dbb25e23b70ae1fde2b12cca0fa3943a5bdb861b8f2c8df7d88355fd1ec57ef5efe8bf9899f66fdc477e27caf6f3db1b52a5222757a0749d59cea27ed1cee756727739aea5c135a32e554651e5f0339e21d932c5976bf48e21f6a48c0c7bcf7801fc2a35436fa329bc1ebdce563cdbc178406fa3ebba9f1832800f5fb21ce1547ee8df1be71572ac1977ec58aab856ba14bc53b73bb738b7b78a2cf42c4c87f21f855c8e14177649cccdd7856bee63ef4ea9342eb38c65b033b786f59d2d6fa1212a9002803e31c6e6803f23733df25cf139a50a64492e4e157abaebc055c6f92361efad98270ad2f911789b37695c12ce5b4b5124ab628da4244d0c394f475b6fb18ca81e961b0718c1246685339293d751efb181f0fe212c0c2486478dc7428c54fe15a6e2a4baa186bbc83db249ad20e2186562144c061813b0d606c47b463e354aec45ae687e03948dc5d430c1e86b3650528b8bec489e9ed0af7d6a627f61e9eef2ae073b16cc0bf71edbda66c5562ba1a665dcddca890ab90a7e82e4b9d235359c87197551b985b6c81d3e1bf77c1f8c43360937f68bbaf3fa197918eeb7f2336e29c1a7b560c54953864953d2471e0cae3622ba052524550b9b533e2585492c70e8bb90de78f23427aee075fec58e2deea6087f569e9bfc71b2fc4d1cfbf8501225e2d0b38115a778f800190962703ae84c0cd3795aeec0e3071fba7658e108acec155638d17249000071e2714ae314b6c0bde2f6b7f6a2e3bcbe026b7d1ae252ead872803212815941600907afb082618ce13d2e5e8c5d68e76169c526b29b882dc1eea16c30676d67d5cb28d38237eb9fb2de544bd5466a0e287294b5dd9e2ca5e2ad6c6f5544902120c8c227d24633a87ac3a8f0f1a49d747372b5d4746eb5766cad1c76363f5f6cb9f168898cefbe7072bf85433e1d54be17a2dd7c4ef877ebf526f0f86da560526e9bf7720d2c71e01bd539f8551b787d90eabaa346be2b09fbb25a7f9112fcb9909704313d08f901541a7bea6a41c797a12ec383b30324a7ba8577791c1007b1475663e0a373525554ec96a2437e5574adb63cf2bf02176229648cc763136a82160355c3f4efa5fd9eb81e3eec92de27c46be1b53ae1d6c7f9185a9e5cf9e5d8d1ad60695f1f33e55c3e2e3599b7ebcfbbf917acb23543634c110450a3a0af40a698d35a847b231a52727b6651da576b4d6933da59a032a6cf238c853d70abe27da76f6569518aa4b9a446e4627c6b8f5cddbebb999e43fb4761ee51b0f856846118ad2430d8bb15e0b6c164659d6766811a483ba88faebba973a998060574e537192082a6b3f26727dd6be63918f71bd2b7929585a1413b11138c346bab2148f0207855e875821acfd7f6570b2469221cab2ab03e608c8ac66b4f44a77a400a0041ed6f8d5c476c6dace19649a604318d19bbb4e8c4903627a0f8d58c6845cb9a5d90d918df2977dc31e5b89ed2447111ee649226211c32938c8c659752e7db8f1abd6eac5a8bfa8d446ed4b8fb5edfbc9a90c6a0245ddb6b5d1eb02483eb1cee3c0ede14b8d5a84419f795fb3cbbbc024204311fb726d9fdd5ea7f9555cde298d88b764baf9788fae99d9f0a34fe5aecf6cad1d1ca99e40410d26ca0e7a841f9e6b92c9f4aa76cd574c749beecbd1c1496e4cd6856fa291caeed848ba5bff2aaf978b0c9add7343ebb255cb6859bcb4689b0771e7e04791fe95c364e35fc3edda7f468d78590ba3fc8cf79a787c161f591dc243139cbd9c8a6456f368141cc67dd81eddb15de706cfbb36addb07bfe2f332b26a8d72f7599b718e66d4585aa77287627abb0f6b787c2ba08d7fc455d979c0bb3492e0c71c9388679edbe9302b21649172469693502ae0696202b60303e62a19e4a5d9745d05e51d395ed634e1a5f41b5b9e1f7056edadd4091d13d7d7bfd6294c310720988903c2ab5927cfe69f6d8e5d8c62da5d13ababe34ca183a0c630c0865046de6011f0ad092dc1af90cf135de70e7182ead2e6d6f1ad2570e8b6b342c5b5658fd6b00098b4a81ab077c9001077a15d728c94a29fcc7b679e5ee2f662cb88d8fd26203e8eb140cf2aaacaddd3fa48acaa53321d47513bb9e98a59c65cd196bea088dc72d9a2e5eb0b284abcb7370baf410c32c5e40a4a92320f763fb8696324ee736278167c4ad6d26e0d6b70ea92c5693491b337ad2c51f7d1a209170c35e21c60e012bd714c8ca4ac69788bae823597237d2ed24bbb6950774a5e656c88d09cbac51ca7259d63d25b50c02c06a2738b2f23965cb2437440b3e3b75c3e66b7b840e236d2f14986d247501c1dbe069674577477a2485d657f0b1eb94a1b3e232f7f34e6674fd15a3a88d23f1ce807127e78df358dc5afc8c3a3ff9e1f564d4a8dd3fb466936f034ad81ff9579ed345f9b6ebab6fbb7e06b4a70aa232d95a2c6b81f13e75dce161578b5f2c3ef7e663db6cac96d926ae9199a73bf2559df4ced22b472e71de47d4ed81a94ec7f0ac2ff325989932a66b714cb8b0d4e0a4bb996731765f7500324045c46373a36703da87f2cd74983c6b172ba465a7f32a5b8f3afba28f91b8a4969c420950a290fa5bbc6d0ba5bd17d6c4800609393d081b1e95a57454a0d32145f73cddc9c565492dedde57067d724719f497be6ee14e91b958826fbfad51531f56bde62b7b344ec738e5d4482c2f609900fd0c8e8c07998d891ef20fc3caabe4c22fdf8b162cd62a98f0a002803cb282304641f0340197f3cf25f0f82e60e20eab1c7df059500c23160da18a8e9e901903a8ab31bad9572843beba0dd2df51818ea01810ca47a2570548f0d246d8af30cfa72636bf684f66e532838ae4087d61ef15568fdac7ea8927f0b1c457a7a304a9e39ccd6966a5ae678e3db3a4b658fb906e7e55242b94fe14236645ce3db4990186c22c03b77b20cb7f713c0fb4e7dd56970f8497db24fe4273b5f08adc07926e6fe78defa568167660b2480bb48c17594033e892b9235119c1c038c54d2ba1547960bb7e026b7dc8bcf9cb46d84652d8c5a3bc8a4d3234c09461a647ca8285d5830f02a57006e29d45bcdbdb11a18787768303d95aa4ecf15e5832186454d624551a4c670723547e89ce01201cf808a78f2e67cbd98aa453ff00e98dfcd777b358a98c5d3297c286d2880aa82cc0aaec773f222a4f510515cfe026caf9f931a1844f732610fea877bf3653a7f1a915a9bd44425729f02b1bc94c40dc6d8f48951d7d98aaf9b933c7a656e9745b1f5c39e4a3e677e2dcb3631cef029b8f43259f526001e38c552ab8b4a505271ee93fc4d28f0b728a7cc73b1e566451796b74f6da775927fa8ce76f4240dbe4646075ab7565ab7a7232ae4623a5f592657f10e277d059358b81f47966efb58f4b59db61203a4ae429c63391f0ab51ae0e7ccbba2a6fa17fc7b9b2da3e0f6b61c3dd892faee0bae87d4a55c6572410ce41182c008c0a8614ca56b94c737d3a09fc2f85cd7d2b316c17900691fed49231d2bb7aceed9c28f6938009162538d71d0dee36f31f67af0f12367c35de5912dc4e4315565f4b05430c0ceea4671eb6327c60864275ee7e2c56baf42d795bb59bab16fa3f1085a4031e97ab201e04e76718dc1f2f1a8bd8aaf8aa496fc85e77d99b072e739d95f2836f3a16fd5b1d2e3de877f966aace99c3ba1c9a2fea31455e27fa57f7d79d715ff5967d4dac7fd9238440e7d1ebe7e5f1aad442c9cd2a975f90f9b8a5ef0b1c2795f87711e2734e34c820541222fa924adab2c71b10001d3627f1f52c69e4558b08ddf1330a7cae6f97b1aac10aa285450aa360140007b80a8dbd81d2800a002800a0028032ff00fb421ffd5a9ffbc27f95eade17c6c6c8c7794f897138c31b269742950d81940588550757a392480075356efaa8b3a5a931b16d7619e2e6de3ec4a2c2c1d1955bfd5d43062bad50ea5f58aefa7afb2a8ae1f8117cca2893d6d8fc487c578df1e9ed5eea59655b75255994c70e087eeca950436756d8c66adc150a4a297523ea54f1fe5292cd6d6e6f25ef22b925b5404b9d0023675b803510d9037e877a7c2e53da8aec1a3476e59b4e19710ba4514b066da68e46cbdc13de2a3b260e1d54346e55507e901cfa201a9eb276263ba239719e5ab4b69afa6691e34923fa75a4eb21ee56453b00abb3c8b23e5725b2b2600d8e48d9292515f461a1579bbb42178e8f6f6c05c4969f479a461ab56bd25d638f71b1d403364e1ba0c0353d78dcbf13e823913f937b1db89c09af3ea63ea23cfd637bfc17e3bfb2a3cacc708bf52b72fc8584537ef1a7da7095b44eea388469d3006cdfbc7ed7c6bceb88e5f12f5beb2d6d796bb1b14c2871d44a0bee52889692d1cda4adeb6801a193d92407d1f88f9569e07a5125ee64adaf35dd10db829f580bb62f1585c837d6eb6aedb2cf082d04a7cf00650f8e3c3c40ae9b224b3b0e6b1e5cdb4d228c57abb1732ec7a96f16ee79070c804cc5beb2e66044319f6023d33ef1ee07ad430a6ac3a232c996b4974fa22d4b2adb3dcacbbb0e4a843896f247bc9878cbb46bfb910db1efdbd95cfe6fa51269c3163a5e7e2495e0fef58c667b2132774d1abc78c682a348f70f0f856362e67109dbeb2a6dbfc8b16574a8ea467fcddd8bc983358e33d4c0cdbff71ba7c0d7a260675b2ad7b4c74fe463d908a97b9d852e59e6b9b87dd40b791c852dbbc5ee9408986bd39d6303bdc1504063d40f4b6157aca54e2dc7c48f7a343e5ae2a932dfdcdacc8f7d7d3f7512ae75c11fa91bba30c80899909f54e8519aa76464b516ba21c8b49382f0f9269098a39adac2c45a9ce960cf90e1039fb68aabbe7ace77ce69bcd24bcb6c533ce11c870de4b2451486d65b6849b92099628e51215d0a4e1bd45662753007604e2ad3c89452df5df61ba2272df11e3a63796c679a682390a6ad4ac36c11f5721d401054f4f1f7d3e7ea77a9aea27527cbcddcc09298e481da5d1af49b50cda738d7855e99db3e75527c3b06df7e514c915b647a2653f1fe31c6a689cdc2dc470a01afea8c4a031c2ead86c49daac518d8b4bfb28a436529cbbb1bff00ece131ef2ed3c0a46df22c3f3a4cd5d131206e759e3c2800a002800a00280326ff00b44e7e850601c77fbf97aa719ab985f131b214adf449cafdd40bae5fa5812aa0d4da8c8741206fba6800fb8548f6b237213c06986e1a7b1b0ef087b9838b5b0b8d1862ac2429972be3a0a027cc11e150cbdd9bd76685257324d0dd5a71b86365204c8ca7500ad22c50165524e33ae320fb49f3a487346507a062c719bdb11c2a0e1f75771bcb6d3c454c5f5ba970ad201dd9230ab24b18c919310e952c14dd8e505dc4f029ef7b4232476d6d696bacdb4ecf6ef28d6ea3548215112123288c8012c778c1c6dbc8b1f4db93d6ff00b61cc74e5feca3895e61ae4fd1e22c5b0fd773925615d97a9fbb4b2c8aa1f0f56269b362e50ecf6cb8700d147ae5f1964c337f77c17e154adbe76771e9243654229e5d41d88c8a6ca3192d496c54f5d8adbae0aadbafa27f0ac2cbe014dbb757baff0022dd79938f4975450714e1a0ab433c6af1b75561953edf61f6f515829e670bb7a3d7e8cb9f659113cf0eb00aab0c11aa22f4441803dbff0033bd32cb72f895bd76dfe487255d11182cf832aeefe91f2f0ae830f80d55ea577bcfcbc0a36e64a5d23d0b3440360001ecadd857182d4525f42a36df73d53c428f99b94ad2fd34dcc418f838d9d7dce37f874a92bb6507b888d6cc5f9afb14b9872f66c2e13ae8385907b3c9bf0f755eaf2e32f8c638b16ad7996eeca13c3aea0ff57d619e165303b60eafd2a00deb05393abd503a6d524aa8cdf3c5f50d97dc079c2d3e877d6ea7e8f737d2b65dd498a347254277918676d3197dca8cb3efe26a19d33e64fba42a68618387450705fa2db319be977e8995218b29914066084e90d1c40e0f40f83be6a2949cac7292d690be075e64e2e2eb84cd763d0bbb1692d9f248601a458f7f1c91ddb6fe2ac29211e5b34fb3ea1e074ed7ec9e492668637d6d628ed20f504513cf2488fb6c5898c8eb929e182498f249f57e20ca1ffb3983f4cb9eb8ee067cb3ad71f9d58cdf8509037facd1e1400500140050014011b8858473c6d14c8af1b0c32b0c83ff005e74b16e2f680c9b8e76203597b0ba6873f61f240f1c075df1ec20d5c8e5ff001ad8ce5f21713b11e22b9d33c0323070ce323c8fa3d2a5f6bafc8395926cfb06b938ef6ea25fdd5663f8e291e6c7c1072b1a783761f65190679659cf96d1afc864fe3514b326fb741544d0382f2f5ada2e9b68238c79a8dcfbd8ee7e26aaca7297762a5a2ce9a2850014005001401ce68438d2c322a1ba885d0709ada1d1938bda3cdadaac630a3fe74cc5c4ab1a1c95ad0b65929bdc8ed5646050014005001401138970c86e1744f1248be4ea1be59e94b1938f54c4d08bc67b1ae1b364c624818feadb2bfc2d9fc3156639762efd44e5425f10ec1a704982ea361e1ad594fcd722a68e645fc484e56444ec578928205c420360b00f20ce0e467d1df077a73cbadf809cacbee1dd8d5c4a737f7eee3c5519d89f61790fb4f81eb51bca8af8222f2b352e5de5eb7b188436d1845f1f12c7cd9ba935527394dee43b45a53050a002800a002800a002800a002800a002800a002800a002800a002800a002800a002800a002800a002800a002800a002800a002800a002800a002800a002800a002800a002800a002800a002800a002800a002800a002800a002800a002800a002800a002800a002800a002803fffd9, NULL, 1, 0),
(16, 9123, 'random@gmail.com', '112233', 0, 0x89504e470d0a1a0a0000000d4948445200000015000000290806000000daaf62400000000467414d410000b18f0bfc6105000000206348524d00007a26000080840000fa00000080e8000075300000ea6000003a98000017709cba513c00000006624b4744000000000000f943bb7f000000097048597300000b1200000b1201d2dd7efc0000017a4944415448c7ed963d2f045114869ff7ccec06898f42c447b7a5f8050a8d8642e147a9147e0585bfa0d1092505e58a486cb20d11cbb27315b364257bcfee4c50cd9bdceacc7de69ef79c7b664421d926846da175600598063e800ed085d001dd8f09d386b05391046123d718c0644b58671c587f65a388abc2de0a0083b0ccdca4490e807a31df414e684de8aa28102075a03b63ec7f81702df40804a006bc3b29d8a1ef9d8e410d61dff618e6da89a1933830b90345ad1b9abe482cc06c9ed130653710a2fd183bae7cbf79f6b38ccbb919726f8d6fac432d0c0df47ae48322a6ae074d0d5b0212a03790761a60d2d93763d83c795f0eaa0ebc4a58ab1ffc18801a3047bc585da03d043a015ca4c042094febc072245633dc2a9751b82c5b7d47bafd756880a631a2e78a2b6bfe41fab452d02e3fe76020efdb7d088dc8c673d05effb92fd5447812f6107d9d48ce9c797ae41dd522c004ffdbe4ddb6d203c55505ada015b482fe0b74ca89b9a3cffbb36b018b9158db837e02371f76e3d75470ff0000000049454e44ae426082, NULL, 1, 0);
INSERT INTO `users` (`Id`, `IDNumber`, `Email`, `Password`, `isAdmin`, `IDPhoto`, `image_type`, `Approval`, `isRegistrar`) VALUES
(17, 2, 'eunice@gmail.com', '321', 0, 0x89504e470d0a1a0a0000000d494844520000043d0000043d08060000005af43678000000017352474200aece1ce90000000473424954080808087c0864880000200049444154789cecbdcdabafd995dff75d7bffcead1795946e4326a1413351608a4258485d048c29c7c14444c1180d7a20a84042260a16a9064b4d63140c5107d293e049c81f9051469969900832cdc4d424184cb7e2eb9672a3be925ab6cea9babfbd5606eb65afe739e75655b7bb55b7d4df4f77e99cf3fb3d2ffbd97b3fcf7dd677af17fc47ffe707064208218410420821841042082184104208218410420821841042082184104208218410420821841042082184104208218410420821841042082184104208218410420821841042082184104208218410420821841042082184104208218410420821841042082184104208218410420821841042082184104208218410420821841042082184104208218410420821841042082184104208218410420821841042082184104208218410420821841042082184104208218410420821841042082184104208218410420821841042082184104208218410420821841042082184104208218410420821841042082184104208218410420821841042082184104208218410420821841042082184104208218410420821841042082184104208218410420821841042082184104208218410420821841042082184104208218410420821841042082184104208218410420821841042082184104208218410420821841042082184104208218410420821841042082184104208218410420821841042082184104208218410420821841042082184104208218410420821841042082184104208218410420821841042082184104208218410420821841042082184104208218410420821841042082184104208218410420821841042082184104208218410420821841042082184104208218410420821841042082184104208218410420821841042082184104208218410420821841042082184104208218410420821841042082184104208218410420821841042082184104208218410420821841042082184104208218410420821841042082184104208218410420821841042082184104208218410420821841042082184104208218410420821841042082184104208218410420821841042082184104208218410420821841042082184104208218410420821841042082184104208218410420821841042082184104208218410420821841042082184104208218410420821841042082184104208218410420821841042082184104208218410420821841042082184104208218410420821841042082184104208218410420821841042082184104208218410420821841042082184104208218410420821841042082184104208218410420821841042082184104208218410420821841042082184104208218410420821841042082184104208218410420821841042082184104208218410420821841042082184104208218410420821841042082184104208218410420821841042082184104208218410420821841042082184104208218410420821841042082184104208218410420821841042082184104208218410420821841042082184104208218410420821841042082184104208218410420821841042082184104208218410420821841042082184104208218410420821841042082184104208218410420821841042082184104208218410420821841042082184104208218410420821841042082184104208218410420821841042082184104208218410420821841042082184104208218410420821841042082184104208218410420821841042082184104208218410420821841042082184104208218410420821841042082184104208218410420821841042082184104208218410420821841042082184104208218410420821841042082184104208218410420821841042082184104208218410420821841042082184104208218410420821841042c8af3df249378090bf0afed63bdf7c7d0cf92d285eb9ccf132e60400ccf8094c60e6cf098c7987f9e8f672638f7ff0bddffbbf3fa9761342082184104208f9cb83a207f9b5e36ffe83fffced977ff36f7c51d6dd17c61caf8c395e9e3280310108640e0002c3c09c132a02b9dcdcc918b776f3f263f9c54f9fa85d9f6221849160c5cffa2c7e99a79f63de01f3f662f6f8077f480185104208218410423e29287a905f2bfee67ffc0fde36c157f1cacbffe1a3575ffbcae5d10de6cd4b9802c8bc60c020326066800c4004a657880c0006c87ccf604f06e429002c2c884c0c03141667110c19c0102806860880813580392f30c39d0cb935b93c96db5f3cd1ebf56935f02111e5795ce6dd05720b5b8f7ff0cfbe47f18410420821841042fe9c50f420bf36fcadfff41fbefed29c5ffdf1cf7ff1f59b573ef395577ee337f0e8a59731e705f3e26a8388006340ccfc770c00800218625018040350834cc034c4113308041094f461500826ac8e05a82ac6085105780fb02702799a82c980400580f999158681f8a0fd8c76dc8d9bcbadaa3d165b4fd46c8b271fca74a79331ef04e316e3113d4e082184104208217f2db97cd20d20e42f8b1b1b6ffedb5fdebea5d7eb57644ce875c11e19742d8c395c68b80c986e9f0d6041445cfa3081ff9f42860b1d2e6800800b1bee21621000622e52c810c00c10600cf1ef6030913704021181949388601a6062fe3b422031d4392182e1a2096c5d01c37b107d324c9e425c2ad90cc0b4e925031806b30933bd1b72b985c8e3bffd8f7eff89aceb3dd1e4e86c3277aa937b394f2e7722f316228f7ff0bddfa58042082184104208f954404f0ff26bc13ff82fbef9b65d9f7ded5ffc3f3f7cfb97cff48d973ef71b78e9d597f1e8d5cf60c8c4e5d10d8648090b32c6f10012c205505e1b66e662c590f2e628af8e388699f9f74b6b3f9189a330117a84082c3d4100c0c4c36b00175242f070fdc4558c3a9f481e24440ec9e6c6396d1fd396e72fd9dbbf67c01311796a8a746e71ce7f430019eedc2213c084cc09cc798721b7c0cd63bbfbe91359ebbed7495750328c673d14c33301c19d5ce416cf2e8f7ff0cfbe4b1185104208218410f25702450ff2a9e777bef9eeeb979b97befad33ffdf1d7ffe50ffff557dec7c0e5339fc52b9f7d0df37283cb4b8f70191323848e71d9212912b93a0400c4bd32f4ba20731cc40ffffafeed621a9e1eeae2476eb3ae0b32a4ced91111e852dfef0152481948cf1201966244884eb6c70418225015000a8fc759fe33cf650b181798796e1298352f97dd1e1101544baa395f7bfe2e22efa9e089983d457abe9c8f071ccf11c28a20f49a0160c81d306e81cb635bcf9ec83885ee6412d973f2d8813b81dc625c1effe00f2996104208218410423e1c86b7904f3d03f6a67d70fb962e7c456158eb192e58d0a5b8dc00430654359c18e27733600ca8997b5ea8c5672831c25648007232e2cdb729c1c30c1ee9b2b74a39c3cc4a10c9ed4bb4c8edd373244515818b311ac2487cacaab59f84e7c732c5181718cc050e810b1f70510440246add9f7b3e9326c698413d6ac773bb46b88d412ab4c7b3910820f246cfc50a19481945b0fb62343dd5467c3f64f793657bf43d1b7882c8573264426dc132afec0809c524d5943b83dc62c9e3bff38f7eff89e1e3e63901ee85ec60620cf92570f3f8fff8efdffde71fff38841042082184904f0bf4f4209f6abef1ad6fbf2db0afad0f6edffec9d39fbff1c77ff22778df048f3ef7efe1d1cb2fe3a5575ec5e5d14b1011cce91e1e9edf630b07e9e1613d6f078e9e1d2558a8ba6010c67b0f5bc99099eec9d14362cc6ca7dee89f63df88fdef2d8ab8a0d013a626993815e1a92173b65c24712de12de2556b142831639fb38e93d76be6a9540555e94610aa8877880b1e66c87c27158283bc003cf4478829028802d6c374f23cbe8ba94122f789377be74e11e03d137902e0287aa8b6dc260fcd1809c163b847cce5e697362f8ff1cb3ffb57637d703fe7c99c11a2936589f39bfe77962ac69dac798b1b7bfc83ef31712c2184104208212f02143dc8a79677defdceeb6bde7c557ef98baf5fd7faca9ffeeccff047fffa4ff0810cdcbcf40a5efeece7f0d22b2f63cc0b2e8f6e229f075cf4e8a4e746cbd7916288c1450331c02e0358b60589cb282f0ea8559888aa1e8f3324440b0d4f93142f226788f8b900f72e91689f09fc7cd1b6f4482961e474f79a997bb564e2d5f4bc587edeee650220f29574e1227291449b2349486e5dbf1f729ec8842112a9d675496d67a6bb7f209e771503b6aede2699305b71317bdf146a525c92180793f940fc4c6b6178c9a4b074e610ae034ba1e65f40f0af701650ee11fd13e58a9db107427007cc5b051ecbf5f689adf574cef9e091d63ac7edf8afd370a773dcc2c0f01d420821841042fe1260780bf9d4a2d7eb9b7876f7969a7d25bd2ddc43c1301e5d2033848c283d6b519545af6b7b2608ee7938c42f50db5e149e1f544b7070cf8af0a258e98da05e0eb78ce0961723840d17260033858d140722960359b03604054885a8949802bf164fae7aec8ff456c13234ed0132337c278f1b613ea6f094aa196eb3ea3879702def1144f88f7b9420f38dcce53a40f46755bb19e29b65ffcc01bb2e880d4fda9aca85ad4cd9eaff6b47f16240a0a5f0a4978796a78e45bd9d4c060b139844d9e1dd05db7ba78d0bcc73a218ec0b00be80f04031d5c3d86df124c29d4c01dd22965d758b44024c334f1c3bc6d3be7ff7bed973aef9f9f8dcbd131bb72af3f1dff96ffec993f191424c6746ce93713b6fe6e3efd3db841042082184108a1ee4d3c93bdf7cf7f525e3f358f83c704c362aaab0b560d705bb017419c68d6044f8c5b84cd875950702c671ff347a27c4bd32c2a095871ca3523cd1661cab01731bc155ae165bb0003c51a9ea82cdf28d88080ef7cec01c257278e88cc1e4c156a0f741f750f12f9a274b7caf6bedea3338e60939a73a1533681c6f98b75d611843602608d5a3ce95c24b4fa85aedca4ca66230130c31d832f76e31205a0ea963a1bc3a3254c7605b28e9895953c458068c53be94dca487c864251ce4d886574fbadf488e8742302afc294f3622d98ba5274f3658c61b661a9e3fe3342e288fa01aa31299223f8a29a6ea7b1054f84e8a605b1f3955138a7d27e69dc9b85d361fffdddffd6f9f983e5065a773cf13a5e53dc104a6dc895c6ed7653dfec17759aa9810420821847cfaa0e8413e95e8b437a11f7cd9ccbe94466526faac12b333420fac978f95f69b40c50e2bfbebba30d23342d2c16087a9e4fea60b23727b948f46e6bb887c143de1a927518d7013851bd6362a574785c1a488929e00929e15e9c9e1d753412799b763c8415c298640d25d04e2a128e744aa3d1ca50b1eddb0b6ed919006bd6542d4128aa69bfe99bbc4d60ec1a9a4b0d106b8989287ed1e3632668d99b6b1f17db47c53dc9b233c443000bd46bfa55a826aa3617bafb8a746941c0e51aac4a60a8ff1f1cd6b17897e0b21c75ba4c8f0148386138c8718e59cd812c90ede11114fa05bf95ba45d6385cabcb12f1a15d654c7aae81ad9c28f198005b1057bf6ec3d31f736c18771105d04988654e174188071a762b7536f1effdd7ffc4f9f0cd53ade7ab01c31702cbb937f637ba1d87cfcfd3fa4170a2184104208f9d5f0bc4563425e58bef1ad6fbf3db1beb6aeefbf6d36df3053a82afef4a73fc71ffde84ff0cc065efecddfc49c17bcfc99d730c6c4e5e606320746849ff4dc1955a23656d27b3253e018e250378c21bc1d8ef9410e4950cd5cf0b84cf796580bf37271e33a129fee64a3dbc3a24ac82655fd45cbb3440ce135115e260f94d8ed6114f73c59fc8f43bb7bfe897358c6312403877edbe7ba849744048234b1a6e73a39f4677829b8b6b3e25a2e50bddeef072012c94628cd52c8cd2504998cbaf1ed87d8317f49255ab5124252e8c8bea83133608c098d5c27951035c661e4f847525bf7e658c08c1c2f32c35345619998b527961d03b0e542c36c9e20ea028457b051771692d9042117560e9f357adf9ee7f0c7c1438450e379382eec3d004f60f2b46d5d4455e2de1ae8611b010c7732e41672f3187a7d32a40928386437a9cf76e3e69dc018b6430821841042fedc50f4209f2a3c79e9ab5fc5bf7dfa7535fd4a7eaeaaf8c94f7f8e3ffed18ff04c261ebdfa2a5efacc6b78f4f2ab98970b8608e6cd0daa7a0bb093902256df57e6f038e7723811abe3299cf49018096f10bdae2d129c96fb7732d25e41661f3e4325e4244aecbc9b6e38a767c716342204262bc918dc73212bcfe07c5dbe7d45e54405977bd79ec711813e7be64283469bcd0e6132805fdf18a31285f65e742f87a820539d7334a03d70640b26798d95cc3505846590d9bc40646ccf115889217d10a4c67678ee0f0522cd0854322a46aadd998fa59c21ba9004dbe14a86bd9119c6bcb4b098dd022bf1cc43b064ba40a2de71de2f1532d592c08ed1f29d0c005a2140db51c33f4f4f2798b4ebae4184d9f232c72db427a76086dfd4589ce682223c54522b02766964dbdfe5b42e2f26a9e902085c40c188d01dc59ecc1348af9af27a1980e00e26b736e7e361d727681e271f49897951aa784e08e46e8dcbed843cfefe77ff6b8a288410420821bfc630bc857caaf0e4a54fdf32b3123c0eabd2f11fe6c557e1236424736288608b1563e750301b91a3a279449c0cbef3ea797d9706af46780476ce86873270b8511bc666e5ebc8037563fa789e2d00286459199b1b3b6ce7f944c24b044dd8b90cf75218eab6a6019a467e08269594b5ae3b459d819df2c28fab25b2c4f9470b93b156d637fe3ee4b9d8c141edfcb285a5b67f1ae535022d4f89e53ea52cb5e3b678106b7dec19520158b44d0d9665875b08d11e721f37b553d8ca3a86e09800a6eea7a092a13c353a8019b44480f03c19919435d482ca6ca2fedb4c6fa021401c3bcfa97564f52bb3389f2ac6bc44889045e8917858111415f6956219428aaaeb6d1580e29309547813d0f2c4f8ac8f50a1fdb9400e5583bc04f178a3a4aef47c91eca318774826992d11d23bc0de13c813059ea6f894629da6bf89facfd481aacad0d85580748e3b81dcae7979fcf7bef3074f707dff28a23ca7eace31e749ce0ab95b72b99d6b3dfefef798f78410420821e44583a207f9d4f0ce37df7d7d193e6fcb3eff8083c0c1104d83ce9602e2a107aa9e7c33bd3b2c56d2d3085745e4f3d07be11d5df0703b4d6023cf170d89157f5dd748ccb94590dec0831812cbf592abe7792ec13d4f946a334e9f9590a015ead2b196b721bd5c44b648516bea3d3ca67b9184c0514bf8fdb8710d1689516b2c1e0aaf683933e4748c3abfed1e1d122112da84a8dcd8769f59db2f7ad34587127f04aa570f6d82e7d32821690ccfaf81f0acc051c06843b4851fc95c23e95d13821200a46894e7486f0d841862e65a5684b298787b870a6c980b0a61df7b0961db0e2479fcd3d8a6b093b95db034442ca97e5253f762111758d4b4c6554d2b678b8a27ab75b16142a2a2cf39678c27b08d0f2aecaa0b42738f39dafc418a4f0b92e57e6b9eecb09cbac608e5da495ce50d98e74d49e7951979652e367dbef40a4a08510e0bb8c29f05790ddeb2f704f204a7dc279973452dbc67e6f6ee11cc68728ea1dc89d9ed9a378fffde3ffe832753ae4fef653b3957286e1bc8c0dd92793bc518ba4308218410f25700450ff2a941616f42af5f16e04bdd9cee06b69a57f7d00f9ec15e7503c8c4433d30b3646c540a995ebe1691f0747481a1c257a2ea4b849ce4aa3c80f0d238e64ff07dc7f64a38e7464863bd12a5c6b1c2fbc4340d7e0fbfc88a256988f77c0ddbb036d8d8495cfd80b14f332ab3224c090b119a026da578e31c2a99c0b30921a7beaef640761846e4a848631c2934c5ef6741460cd0f0d23826629512a96c84a0137d71087981b8f16c0b866d8897b78d0030a9b0180087df5754f15189b66b080025b0487921a487ceae74e32e155db891312a7789c6f58985a78c21e6928f930218da04b0ec839c7f39f661dc0f0ca800885c2a799e34feeb18fe4bf4a19670904e1c0600557e394a3c47f2d5f4a7b17417e9f3d680159e190278c254c930264052c83140b0fbc4cccb3fa7e7c7f6b6c9b685774a1c2b665494541e5bd8f13ba38e99d70e60df373966b6ef81d9120c1fe7af4044deb01463a45a5c6d1dd971aadb63499f9d8e33f274efc9d027a6f6d4c7391b07e800063c41af0b3379ae0113bd13e8adc978fcf7bff3df45de94e72589ddd416d32bed08e44e6e2eb7860b437608218410421af2d19b10f2c9f38d6f7dfb6dc1fa9a3e7bf636e0952dbaf17dc8e981819b573f83975f7b0d372fbd84cbcd0dc6bc600c5f66cdbc1ddbca077c457d44be0db8f1968938c75ecdb7ee7550e1010298c6ca7cfe6dedd80f50869e6ccf8566308bc84e14ba17c8b7c11fc7d8a70883bce5f33818e8a7739fbd19f2a075ed5dc469df1fdd0cdadf4d644963bd87ff9c435672df0cb991216500a7e15c76689ea78d59e55119c3bfd0051999e0d342784ae3bd093b76f2c4284f11adf14d2f9d326ca597a43d7afd94180594a06675d1194a1263365247b0f87a8b60bad4bd8cb2dfc716a7ca9ab72e62c575b57900f40a2f5b6270d71417f7526c1b253eb4f63ff48b44ff86892de6225426d22da94c26446c7b3d85812fa518edb133c9ba3bb2ef416cad624b33297f64ce91dddeea929a0b7e7d1e2223de16c5bd7c33c7f99c13deeaef3d87b085ad81f0ba1a87f61e72f2b4b910aacff134e338efeb8b2c456d8040de03f0c4c4cb1467b4ce2e3ea5d1d6aa86b39913b09bbb25722b97478fe7b35f3cc1f5fa9cbc27f3f063ff3db1e27799e36ed9e576623efefe77ff2b0a2884104208f95443d183bcf078f2d297bf8a5ffeeceb66f69587aa52a82a7ef2f467f8e31fff08cf6ce0a5cf7d0e2fbff6595c6e6e301f3dc218b3c21b0e9e1ab9921f064e1a51407821b41c17e50930464b628a56baa219c369e8075d7c4803b7ccad34ac4f1e1ce59522114ed18eb98fb5c27321eccabe9a3d04b84678c570cf9591b9374ea2478514643b747b00b898628795f2f2a2582711016ed44a331c7529e47281ace5fd3b22d1eb65d6babed9f2635405949d0d253d6ab21d322e6e70b652c416e3d0c5156996b666725555609e433576c5935e61667b8484c01546f5430f4d4f641bf3e1705ec59c6e485bf31a41fe8df0ee68557e0efdab76e8f373ff1a8657aa8979b4bd6050a251f780c97e3560277a6df334cfa726106884c20cf7ea1802b1515e417e1c2dc12ec35c049e14d64379a4aa1c992a0666faa0a067bcb10c138a896c21421e44aeeef194fbe5efa2ed8fb9054191c37cb73ede7d00fd6607c6767eccc4ac0ac530838d5962d5e1597112e3ba7079ac0eb4b7ebf73d4ed7b5afa9692c5d38a9ef7b89e910f07c3ebd278227061c4376e276b1d1fc6d444278716f91cc65a2823b93cbadc87c3cdfff374f601ff8b13eda01e580daba1399b7c6d01d420821847c8230bc85bcf0e8f5fae678ff676f29f0a0e0f1104b157abdc22e175f9d5e910ba31978123938645b7018113600842d32c716470037c40ee6924075f9e7aa2514a879599066e76c636b4855fd480369a4b18466f88467427a84744329532a783809e0f54db73154624c782d400199f361c1431563ee15ee1e06527f87074874829f63a5a7c51137a67d89bac2812c12af8ae7d41897ee9521109910a4e11a828e1eabe96c8373ed108734a6231c28060db0e56310a118d5ff31e629e260b838e2793d107dbb9368e63888fa3e16e2d139b96c7a9c5818cfe93130a7e79948633ef36cf47dbd0c2f2a042685923274d12651f56fce279f1f262186a8628cf4bae8630717bd2e97c873831256d42cf27d08a2175c943083e4441bb21d36f41adbb63991213d2d9c2693db8e1075327f08da3c0610a12f5b9440ce7b354c89f4ac2526b639da041ca4c817e2538511b5fd5222dbf945b0abe944125bb1838c50e2908a54f80e74a142d84274d49c64ba62eeb82792b5317707a8e3d8e7fd7abea6ec8cc39daa313af9fc10d77aba48a7decf6fd4b1e317037099ad4f9a078c0b6dcf005ce1b7a0c58b810090f7d4ec89004fe301e9225049572ebc65b5251725f7d945c7dd1ab815ccc77ffff7ffe009cc3e7ed51d0082cb9d0a6eed228fbfff5d268925841042c85f8c87162d097961f8c6b7befdb6e8fa9ae9f56d337be379a287aae2fffbd39fe287ffef8f71c5c4e5b5d7f0ca673e8bcba347b83c7a84312746acfe4b25f38cb082b65a2b43d27040e617e8793cb6718532623557ebdd12dfd54f44b6d7c238dd6a69dc5b1e281a10c68c0d812c73d12212ab7a850aec10895aca4fe1e0943c7408a0b9aabb0dd7bebd5f52cf5171141cbad789891b955d0c397821a4bb7e5b8d76833cfae4aabb8a4e19d97e2d29ea94074dac5a7b9bbd6f7c1c2e4096b305763fd7273e260654f447262aed49592d3c193a52a129f071c9f1abca30386dbff3a0a0bc323cff4826c7cdd2bd5d78c9c4b3db7ba18d49dbae270f751d69404c7d6c42c0720fa48b0b4c71e56621ac4549de8c03b10cc112812184863052cbe0368451bdcb0a1b0620bafb2dfb26843549f16ef4fdc353033efee911e453deaacf34bd440c75beb8626f787a8e981d3c25f2deb3f8dc13e4e6fccd98106973a3d104a83a9c8547542568ddfb36f90b22798fa6d8972153792f49e433b6b8049f3be9b5928f8907e751ce85ec879a17fb9eead7f3507e9d9a3bedefe3c9f2f2e4fe67798dc8feac61897e0332a4a7e766399f20b7b17ad61800bc07952726f2149144378f0984b35c8ac518bd93ee30e6ad5de6e3f9ecfa44cc3e56be93f45859e5c102086eee7478d9e3efff1e437608218490bf4e50f4202f2cbff3ee775e1f2fbdf6d5f9673ff9ba4689dafe927f30c8cdf0a73ffd39fee8473fc633008f3ef359bcf4da6b78f4d2cb988f1e6166f9daacec90abb681a42743bed8c3dfc72b59a96f85fee321af094409da8341d04586f4d4d066ac8c6dac942163e6de17994324bd25ca25feb86f1ae7a6db0b0122d075c59897edbd91c6ff2901ebf95ad2e8f1c3ec7e816d83e6c1f09db68a7ef8bc3e40090fb9fa9d6efb075125c594761c171050a58187b47c20dda726afa5fa2993c72a6c4e2fbb9a6d3b0c5eae989f8c50f3799039377a5e953cc53109eb6e3320db3ec6b16f3201a9dbc61106821dd6b23d6b424f8ac61c72493ca7bfcd00b90c20cae9a6f15aed94d475da87b55186cfecb9965e3429e6b8d020188636275bdf0cf78cc8901ed3ddaff97985f2cce1824d2bf91c270d4f1cf81d1995645c1008af94c82b6291c30516d575f2b204b8278244fe16efe2bc7f56784b8d089b32402620d612c5c6789ae548ed210dc1c7f389c4dc861f5f4ef75675b5cfb8c33c4df14664c633e0b72d1500002000494441544491393724e7e4299c0c35578f4a82c5f50d7802dabe7d86f7b4e9b0f74ce136c667346fae2d1c7621661f13e1e1d2bd705244d902627e983fb7e859bdd23fb3104d04e171e2d3fa90d3e42122c7928e8921136b8c3b91cbadcdf9787ef0674f64ada71fa59f2ca04a144f1ce51685dcc910268e258410423e0530bc85bcb00c1b6f8e7ff3d3b79e27783c882930a71bfffec13624d15eeea5165563c51cf512dd5dcf3d9a45f2a4cdc86c2fef69ac891b69297874f1219a5206ce764e381aadb59f6d0323cf6d27e3a98b25bbbd592ad78daf312fde0302d8bac2660a04685e072e06798e8e145c46ad565b2cbc4a5ffdce4b0acf8c3cdeeedfe1c945cfa250da98f0955d0963b28cb0f434b9ae0aedc8fe508dbc1a630b06299848cfa7219e23c48736bd4bbcd1a27af0efc8e3a7d1ec5e3a6ef0db52c86502028cb9c5b5ea806eb8059ab95faa2f726e1dab8e9443419498dd76e01ee3dcde3ff2108a61216c8577c5d9eb06f0634a5e6454d549433619888a35d10e95348447959d2df12d72e19441dcbc2f1482996d6873b156f9530c48bb3ee6868fb5ed39956263e6f1c8b1b49479fcf614910a17125158789ff856e1910240e0214e0811a1972936080632c786d5a9c4648b0316e21272cc65df4761dc673b2ad42c04974c800c609fb7120ceffbb884175dfb6113c293a957c62901ca3cfc06b2854ded022700518da4bc7b0e991956de43408838196ae3e7ecc2718915cd5ba43f2772a02d84a37a16e6dc6fcf4a6be7adaa4435096a3384ff1d3a23048fac206582377a05a2cb39cab00edb33c5b887dc5c06e0ea6267789dc8c013189e6678def1a990f3593131b0ccebf3f8bcf146a80003b883d92d061eff27ffe40f9f08d6fdd09d074495350181dce9c0ad81613b841042c8af82075e1b08f9e479e7ddefbcbec6a3afd92f7ffe75005f7a9ec851d52f2291e90f7ffc637ca086479ffb0dbcfcda6bb85c2eb83c7a0597305edd88c0bd4a19d672119411732f24c56aa5f5ec4a5e4665196fdb0ba14240e0494cab6c6b2bf10a6c03a35eee9ba19ac94501df4797d6e7db3b04be5abdba58b2851019d1a6b28be4901cf1dca7474f10b759b48cb707fac75b147d89a39134a71b77294065651a399a3b1aed4cd77a89fe4e61e87e75956a75094895e8338497518944e1664be568d97d68210ca478d51367a691d90dccea07b8d16619f211e74f79c1243d07b0afa3f7771fa776cec3f599c1a678f95600b85e3de9294224414b6cbad42d420386ec04aa221a15570c18d30dc34c1e9b06666b909767de0bf3d51e0903165262586a73652c378f8eb3e8e563e0be36594ed8138602a6911f23c4361997544f90b2437aab6c4f8edda725dc2910494a22ac267d7b04a6d7b85e816c171c3f8c2a3c1f4cf3f44801a8042e693d2421a45dfd00ddfb217b32850eb8503042f0e99e1712c9603166ed993955426539889d476cef23e92bd427168ef7718a1ec8fbf301af91d33e72c8fa9be2c9c77c75902e84f82c39784bd5b306f55d9effc1f63451466a72e671da751f04c9fd59ced7b39b4b864a1ddf88f6463503cd439cf6300b0c784f4c9f00e329249e2a516ef928a7941c0e35b913b15b5ce6e3cb4a0f1657488e3ac9c47d1632640798d07973a7f3e6d6cc18b6430821843c077a7a901712bd5edf84dd7d191f22789ca9bc10329aa1ef86af6146ee0e39beaff79769d9793cf27db77b0a580a0868abb9ddb00f5122c97c0edd3b60575f19b02c03da576bdbcb74af4452d797ba4b190d2881414d7d85bf0b0e02946b3fda626b58a9ddc8a8a4aae1ed7008d149c1688c83b15162445dc74e5c5aeeecb01883ec28815c5a950c5d5b4811f1dc1f511947978745e4cafbc1c1262bad608b04255ca9610cadf12db104864ac892a2468a1dcd2b02919b0307036d0ff91873f763b7944a28f0fd0e814e99af25448d71987bd84657531b44f6a055d8d5496ceac93733a1aa489a58ea1e08807b4260c571c3bbe4908876f72500c848e5c90502d3b53d33247c3f2a4426c5a1115e19021b598ad53bc6247394b49c2cd9d6c8f3e07d9a86fbdab93a10fd96613f694023451b0d8f88685fce8d3160a2bbe46c95463ee84d510d36e66aec8ff2f4c8c4b4397fed506dc6b25475f65b4c12d36b7c96796c7c3c6adf38b78fc349c0abd68d184373cf9c28055cca250495b8c595a6f0d4e9c6b21d7e35ec32b965d49fc41a2ba1e618de52f7831d9e0e5bb06dcfb2147a5d284841a3548ac3fe29ac9538f5c033bf8e977feb719bba3f0cdbdba35da33f7aa2df5a1767cea01244908f5ccbff8fe76d296df5fc8c3178c3dabf2b51183d5a3530ea19dee6a759de6befd9c013004f81bc778e57754a3d04604087c59906047637546f71998fffb37ffa3f3e317db63d4e9e13beb3669f1f2ea02c4c08ec4e8d794f082184fcfa41d183bc707ce35bbffb3680b7b0f0858fdaf6fc921d1f62bfcc03b8f80b9e1b376ef0dad82fea99b0d33d00f2586918b793597f533e7d972fbd265511c39d09b637477a6ee4cbff613533050201761288304cd4c32c5280f163d516d58eee4a6ee15d20cd253e2edadfd597c2e631df40c5e90bdc6344b7007470714f8167860179323eb23f2c848f9161381261156b019747beb20f94d198c9357778480a3fee3163d70837e9abc1d1de14ac461ae579ce1cb7b9052d37d271144b5461d3c338bcaace3a24720550e58a7d1aad12d6dcc48a6da28a4ed959bbea6a8813c7fc306743b11244b69c1e191a22e98d241356956eb0bd39d4807901b0a2ba87a45655e72a2350b611998951bd2bcf224dcc6bd5edf691ca5bbbcf52cc714f25838d0b3234c4461896ba4528f7ae0130b404338b3eeafd93736984ed577d1ef667ca0c2297100322ef88a2aedf8fb5bccacfd8615ba510224d5e2013c26e1134e7895fab0b6ffbfafd3e8f56184ad070e1aa25b195fcce7c3ef7a4b9d8c676fd1d6793e696300c111214c2800c982d88b9306232b670d3ac7aabab98480bda9b2f87397d7c7e3af524ca313bb4b9dd873965540f9fe5fd774eb87a384eaf72b3eb7f1ffb23cfdf7ef6e3e545e51c7c508029a108c77bf024fcb800dc3c71ea599ffd63877bbccd1e944a52732feee92ec4c81e1d01de8893b4f9bc3d4200643edf762d2e77788095c2ae02d8fb90eb78cf4c9f0ce0a986586623db2df5534288d1bcae0958f89129e46e8c710bc17d01a521903b98dc2ad6e3ff8de1398410423e05c8476f42c8af8e77bef9eeebebe6e6ab78f6fed7cdec234bd4f697e09f3cfd19fee84f7e84f7d7c22b7fe3dfc7a3575fc1a3575ec19c17cc317d81ba25329539a27c6718c15915238e8bf20ec03de3c0b58956a5056e8000ed2539db9e8950cfaba1e5092171ee1dea72df18cec36d63383d59ee1914b9221a4958e38bf234a895cade8f197693edbe0cc80a03300510b9ffb8300c88ad6da09fda5dc6b1086c2d2f9bbb74e740d13897fa0bb9ae857189577ad5124cead8e302e8f59023e3284c583802f8350ec821ef88db24ad8ddd308a9c085306742dd89083f9756fd55be0c611423c1a5b44d35aa1ed633361a2551e15f050a632e2d2d3247fb6313df44119dbcd903af47d84102df59c2e62def7e382b87a4cb1f270090d244cb76e0e6ad97a634ccf87705dc0bcb8b18d0191ddff9527072d774576ba4cf4a49d999b03e9771027aa12b2d573b62bc2a4de300476bd625e1ec1f4ea49532b218f41ccbd523cdc6401e312c2991f393d527cfe78895b74b102808845fb464b881a22844c5878cc0021c4a4e7d7b854389421f35e34633e6fe4144020510d277be230bde2be79e6157a4ae5c2165f80123332e3c43e6efc257091c5ae80498c7fe424c967d5e9fe7df03e8e6b3d7b5c1c4361b69068311e1512736f9ef60bdddb9d435fee216882dc7e16a6fb4e0aa67e5d2d84e9743df6d0e7cff9eca1e731628c630ba4f7d1f38e793efebdb0c6fc99e2624f520dece75a4c839a970f9dab2eaefd2da7af055ece1d47d12d0ef79eaa3db1294fa11e2da6e2f78bdf3beb4e65de0ac6bfbc8cf14319f8e7ffebef31992b21849017177a7a90170a9de3cdb1de7f6bb5e4a51ff602d95f90f3857fcc0b6c5d7d83eb3562e5e3ad2f3c147215f5f0221b22461a02877c1765bf59adeb9b2ab6f7c036481009156bb5d8b69bff186e50cb186ef846b24feb9954db0bf03879761c040f79ce8a68881a329bf1603b5f456e5315499aa0532fc6917c1366bbbc6c1717ca080acf99684f2efe7761c1d493cb56b9dad9721f44224f84a78657f2181068bdf31f93286a5d3f80488a19abd702cfdf30acaa8a98600b1e482337727864e84dc3575bb555ec69abb273ecfdd497653d642a8cecd8d8da2af0185dc85a3bef04cc73aff43996c64df6775ca785a18d1497d2e0b92778b8f1ee6153230cc09857c305003fb4af641f2e2ecd58dba569fdf3010c8386a0e7de1e2ba6a1e72b7047198564ee9430c0fd62c48f8948b209f350a7f04082c1c3b232bc2957a8f3be4a812e0cd8d2fde68d9fbd44a810165460768d0a4a8a21179f1de25e17c3b6b06200322c414c3d6c2884afcc17e29e27060b2fa97b12ac0cefab565ed7dbebf96be2e0de7c5b80cde8b0eb6ebb44688b6888125b3cf0df67cec068771c1b23bc873c79abc6fe12c2ca4e6a9a02d440bacc68f540ce356de2c4f6783b5eab84b03bb65854734f6058356a2576da43073a1173b99e83e9c9f35c21754fdbe3b3c1fb28c59efdccf2fe50db2249bb73bca4b5ec909ffb4f05dfce80125bb686b09f7de74bcaf67953ee8b4ab5ede9b3aad8750a6bb1125281cc412221e2f5f2d6f72f20fb671f69e49c2be175373cdafa46266f4ee1dcb30845588cdce475fd5f02fc50e4d16ffdcef7fee7ffe07ff9ce7ff9bfdfeb3a420821e405e0bed544c827c43bef7ee7757bf4e8f3a6f2f9fd32f9315e9acfd8aea0914915dd2069ab6b51fe54db0b727d5e2f81fe925cab7a962fbcbe0aec476caee1a97be80ea43e0805d81512d232ce6a21fb25b6b50591f8340ddd4357a451bb8dd76cabc5e7072f881460b4bd600b2a0ca247d8a7f1f7c09bffbe56e070bc6db044eb724578787e955cd786ee36ed76ed520c3b0f80b72baf7f1b56dbf8533388b5efd3225ed1cf667bb5bb8dbb8894a821b9406c02096fa0f3659f67e0362ea48c7ccf43211ed22031b6b25345b85d2c9180569af7005aff9d0c22c1a19f001790f298cd4445e653f17007dffc58d905db28affe7563baa66e8d058008358a93563f8c9c63e19913993da2ddb151e69c68f3dc3da7627ecc2d5448f3b2e81e04dd4120d28ad67d25f59f556513278494cc29839c739e13432cbc37ccc3547c9c86cfc930284d46f481211296204bd7668253c99c3039e6381ab516c2a72fd86f01671f27b60fe356119310fb3ecdf985126157880a5b1c952e3c20e75cf60cda31dc9bc4b7d94998fd18c77baa3acd4ef750cdcb2e32b55dba110f6c61e974ff655f897ff8c03124ca2367fea2a33870fefb70cef85d6d278ebde78572b8c414395298d6129a0ee753ddcfd3d335f5df35b603f23eb5e76edbff7ba89f0edb4452dbadf7dedfaf7b866592ebfa37c92cc21be35e3154e2661c7ee6b6f1b7c633b58e139591cc20aa186618b02f8d817f38877e6ddde08bbff33ffc4faf831042087901a1e8415e18f47a7d13effff2cb06fb52e6a4781e0fbe3046be0ecc0bd65a15da902f7406dbc92ad358ef2bed67cf89f65e2f87d5fd11ebca7d89ac6f1fc699ed8f7aa5939ebfa01268463bfa8b33a4273e8dd5f93288ec501af3b09897a128e195907da551ea348f9f467119c26abb8a497ac3c8b1ddf9b3af981e8c9126b894978a2fe7ef44b200f41ac25026f71c6100ab1bee401abd0bd60c350f91686dd07d2e608b25d97f6701c34aa46a9f957074f422411bb3eaa7149ac2e02daf2084d10403ae0acfbb31b6a1af3b94a5f767ffdb4348d288ed23136d8afe1bc0aec402ffa304ae1cefb5a070214aa0dedfb68f9a8674e869a14f844011867ede83d6aeb3f28b5455128160ba3782e438cfd35cc904a2887bccbd5d4c1732996f19acc0ce1fb25a0593146dcec24d0a3ab6c2605b6e30630098db6ba20b09b06a472da7cb88b32b800533497f7e6f5bb44390de4ff14c89369c8d7a936883e57f210a4582d4edf5a2c73c267694204688b3fbf829c6c0dbafd7b8b4815633a85d6e8a52212a55296f44fb5778a01ce76627cf2c218e1ad67d2510295ac5f8b4e7d88302478cc559c800e0e15f79077c84e85df3befd5dc729915baa0fad0b00d1b8fd6fcd68e24e3b477992ece7a1eaf3ff7d3ab6617f76dee7287eace3b3ffd0defc44eb18f78513c55a0b9510388ea3baf7c9dfebdf19bd2fb0e4751efe7dcdf130783ea67e9d790fe8fadb43d71796c96f3db763082184904f108a1ee485e01bdffaf6db30bc05b52fdc33204e2fa1f9f921d15cffec7ac59cd38df679294f89341ad390aaecffb502bf0dc7f2b6b0fdd25f02026285300d17c0c515df035939210dc45a85eb2f937d85aeb77f8c7dce7c715d595a348e91e56acfa2457f918f7c24bdda64ae024b18ece5ed11df8da8cc22100fbd38f678fde60634763e94f3786412d126dee4aafd369ab7ebb42e6dc6603374d430e60db2b42a7c8b9dac10f0c4a19af917b239c7f9936d779b3e8e15b954b2024c9e7baff4b771ebfd5b5d9ced69f92042bcaab019d3d31c15df568e4698228c106cc1c75757bbe198631ef3b6adf07731c5d60e551a4db41a63b8a022a7e4ac712acd3daa128946de14cfabb2eda15ca50720d34355f48a959e2151f5c657cdd7f64030bf3360e975d13c7dc2fb224bcb8a4c980d8c7171c12bc736ef1fc9c19cd1de19021422074cf724d0f2b6c879203220babcaa6db8cc98ad0895f2fd538cf4f91ac95631421012f786b27598f32e8a1962793c84cd85ee47e5613d2e766086579078bfc6a4f36a33f97bee1b5fe7c8561590f4a6294f94d8d85cbcf13908984c4f55297e4e0fe19a9e83c4a4e65bcd8910ba4c2239ac29bcfcaced3e3a3da7059e0cd7bb753f0fd2f322b967649f3f9759f7420abbb6ae2578b9189b1e6c791f6e46f806f5cf3cf4ee0131b4776e13daefb7d1ef8114102a6ccd56cc0fadc314ba90de7d074f20f57d8ede4152fb2fbde24c6e53fffea08bfebaff3949e11a4761e62ca69caf333b43bb574b173e56f362699fab6a3d7fcdf415ac67afdc6b3c218410f20240d1837ce2bcf3ee775ec7a357be08bdfeb69967b37f6e3cf78770305edbaa95ffc4365847241494d3becda8ad55b0668477c3be8cd1f86c549e0a2b11a1f64b77fee61d2161fc6e0f86f04a092102274101b9a7c5f1f4747d87edf2ab74cff6ebdab94372b5f3d87f06ab509b2e5cf87f6d9572ecfc1be73eee2fe3bd6d40e47de863907dd8ce55de274d74927e6d61f066224a8144159a385f1aa569c700aded7b4cf37acb4304080fa034d4cf06c1eeae5c3df7e3aaef93425689583e17dd036254df8bf9f682fb9e36c8ebc9397ff204a9e38fe31ef55bf72219e7b99305314ff325fa5c90e149c77991f3679b89bbe209648729b950b6e7afa62090a131b55a1e467808327630cc5618b151a2157d6ee4d5a637867b2cec609cb8ef310e46b654e98b900f96e7ecf0d5fb3456331f420a4fb24584884d92f47ca9aa4e21f0601bbec8bc18ae76545f545b2cfbdf5b6e718cf2083bdc477b6cbdefc35ba4fd93ed06b0e7c041fe6e2e6864c24bc37e96f5e74feddfef99eae3f3b364b8d7904a3c7724ee41a9ff9e2762f46767dfa6ef0becf990cf7041863e6da102961e326de4edfeb9bd8f8e5e5edd607f08171d3f3ca4f2101e539d3523ea49daf8657b46fba81d37aa0bddebb31238c7e1bb2e40ecfb68f729d072f4b4f67d5c2f99ba1ebbffdd43ff7561a4f785c15e16d3973ff4a4841042c82704450ff289a3577b73dcfde22d8de4a5ff2eb8213beb65de73dbedd55cdf285ed2d2e06aba08ce2fa278e045d92281e5f1a3be431cdf57b8cb25d84e7bf4e30a5a49d07d9cf468a876e47b73e62c89edcf5e2f6173bb21315de4c95083edcd92c616b6f788c4ba74d9497b75fcb0ca89fbc6d4164d50fd0f60871275a3213c126c9dbd212a57dfa15f2c8e99abccd9a7829ec06fd6989661975fb5bc21a276e867b3ee2d510efac79558f10082da5e9ae19ae13729d000b182ef86b5a4102433b61d3bcf4736b24f05d9f95dba612131eed2fe0fd2e645d747ea7ac3401c8215891ef3dce9f1e236ba849692b939c6e18006b85785b9495ae39d028248dbdcc75a119f23f3e48cf0e6d8b94006a479050c887683d6dc98b37ee8081719ad0c35e0e708d1ea107a15c7919c3b43bcf42f2403a77c4b999edfc24258b1115e3f2d5f4a7871f8b497688b42c6c54bf256b88c01961e2ab30d8da66617467c6c5a7d884848992bfab2f3c3d43cdf73b33c1d244a3dd79d733c8688c1b0202126559e901319eed7efc0122953dc90da183bcfc80e79380b9dcf15394a24cc3c1139962eda78c9d85e29299f77baf3b8847808b8078af77d88c5b6ef3b696deade79ad9507afa86cdb4322878c63bf29fa76fb0a44ba98d74582184f89e4b1edd8d54c39b7efd49fa93bad67f73790d3b6ede7e1f7e76d27f7b77f9e50746fdf0f8f48258410423e51287a904f9477bef9eeeb7691cfaf75fd7c7ef6512f5a67f68b5c1a6308c14080b580323ac7699f267ed4cb7cae7462afbc897b61f822ae414d6bb5fdd0d634562b51630bd7307f61ee9539fcddda76e23884213c25aa98a056d14ba81891f7626919c12908c0b6411e665a360340ac6666db2b8f086aa5b78b2d759e145e54ab7a89a9467e8e38473366c698610c6ec146eadcd1c1d9ee66741f5681cd6abb2eae8808b0743b5248a494940191897279ef6210f2da7d1e6458cb4e8fb9c73d23064e0a44193ada8d45831fc316f26ddf05a518434d03579a10935e0adb88cd04a74843aecfa7ea2f41aec4676e0ec37283587dac6a3acbf4e32c1f6bcb09ad16b91bb6286422e5c56192f933d4b5195bee95b2bb07c08afd749f1b631be432a3ff46782a59881f16f6ed82aeabb729ae55a5f77d78298c08bf8062cc145c42745137dea1bb4c725efca804b286ee7d21e10d6110880d6f27320c6decb182c46d303c4422c38b2c859719620690e98c7d0eaea338a96984a76f8d8b132ef8ece4a76958fb3d94b93d266cf858f97db7bd3b322ca5e6881924435d4c6bbb7870b818a3d7180fef4417586619a822521e282299e7a15557cabc21b676fbca389f301517aaf23907032a4fcbbe01cfe11225d80cb4e78f45efcc43d5a37e2f22a4249f1359a237f2c4687b96f4c7591733da6c6e072e112ddb96f2c54180c8e74afd692ea09eaef19e0219c71c711fec1d0eca83df2baa87cfef0917a250bbba803f2e07213c9bdce942c6c17324c2550ee184f067ed618c3e84fba28a76f98b10420879a1a0e8413e51748e37f1fedd97017c09d846fbc7e1fc726699a4cf0c76bd027a45e550d0e5c646bee8a9d6fbe19899c700f5f3210f8b0ca1c8b084dd90fc6f27f273c367874ed46a9f9f314eecc66226323d87d89475d1ca11da5a9514b2c40ed851a029b141f6f768abc399d8b5f290d87e4f4fc567eb0e61a0a0928e4a3748e2baf70bb01bf563ce4ade99e28d9ff4b81c98c71e63b4b10a7106ad8d79fc297ba5daf278c737fdf262a8f68fe398f5d5eaea6a2bef03ebfd655b601a6394f091edcb52ab9567c4f49040d637f2dc132988f479e55114e665941f084981442e0e93aa3c93635b229e5909699967e260344672c32a4bac165138ee75a135b627633cc7bd87180095c4d34bf75ec310f7dc1595fa542452576884d5680853597a17c0181886f0bc098330eeb3ea83b513334a94813e0845c8f915a3961e2332919e35b55513e2f6ff6e03d9d2e896e8931c8bfcaffded3e1480a4ff4f8e1da6e722b1637885987b6db8b7991d8e99379e02153a80d37c350901ab1bc400ccc2dba1258fcdb9e5c799d5d79a73ae9d156655c12a8bee58f64e13731552e201da77999cb82eb67b5465237b3fe42f61dc679e8aecdbd5c491873cee0e9e4f67cf1164d7961fd4833ccf03e25eb8862b2bbbdd1f2902f4efc7bde3eb735a246d2edcfbb7a56f03c0453717dff6c18fd770cfb3e39e7624fb19aea7fe3ecfa1da69ff337738f603bf134208212f22143dc827c637bef5edb721e32d33fb02f0eff6e27476111e97cbfe03408675e4765ebad20da79df0cddc308c44a6dd4d5ec27ba1848c7861ccfd905b0a765958f417ceb2ac8048622779f0fda34ae902e25e1316eed9f70ce26d68a47bbcc17689dbbc9ed8360de69e9cf370fe325ceebfe4df37068e224a7932841051e78f849e1992b25750b37921ce84e19f5515c66c06dc1c07a3203a29bc299a215b155f4e2bac10e8da89016be15671981f00cae327c5a24c5f09d906df8ea38fd5f01457420c91393c016837dc238f0760c0b232360f7d0689aa157e0d2a9161c256880456c2591aa640338ed3c21cb34436c73d22ea524788252b8f1ba24333aa60e915d194afec23d9f7425e7b7aac982986ccc32e5d40b0a816b3c7c20e613ed2c5bddcae3c7370cc6363a7791cd7205185c560ee156295e2f6200a48b40792263ef6fc8c393c72ecd2a3a71b94598d057a740640cbef8176cf88c54703e5e912432618a1054a8945d99e7d5f0e0c91f22ed9d7b1b39ae43e1d7fdcf4e7607a811d450d948866ad7fb519ba72b8fe9cc365184bab88d2cada4a7a4bc84e2e2a22ad9a4f6826b673569cc58cfed94339428ed79c9feffefc0b21407a2af5b1ac7c40761874bfeab145487f9664efc57fcf69cad15bb03edc4d79ce35d4bf3ead0f0e21794dc47848e0d9cf32dc13740ee3bc274cb58b22072184904f1b143dc827c23bef7ee7f531c71771fde0b7819dbcf4cff3927a7869c37ea1073c8fc6b8dc40c6843dfbc08d4a572fdca099174f3e0a0f5f10c90a2ef017bb5362b834d0d3302f03d74f5c2ff01646acb663a4a1bacfb3ca8dd82254655d9b63b0666882bfb4ba6d95c7db2a49adb6e6fb7418da360432a60b28212658ae20a7f091866e373686c402f45eb3ef6392de03d9cf25161dbaca43814a7c89be31bb9f4740c6a8f19258b9776f07af9251492ca5d902cfa22285c1f35bc4f5a4778744bf8f792941605e2eed3a9a2024334ae5368321fb45045816d53676db4a3c1a00e60d302e9031a23a4a883bdd380c177e1154759c3cbe356f900cf5715b6b27329d873e9a21323543a57914f9b923ec4924bc67641b9ad13732c43d71621558b27cab45a88b5e5d244c6f896d5db9192ba82a43432e301137c8cda076f509313324239b1af964e4e41564c3434e2cae2be681b4156851c544847958e41131941854b78402e9d582e8eb0a6d88fef2e229cbfb4a2e800a86b96098553f50c6cab6000020004944415480387f54b2c974b35ec924fb32427d3291e85a4039f7fb1c19124962a3ef4754062ae94f420cb1c8b7e1ee57116ad143f176b25c39fd931dadf571ca597012094ca4cae20ad072a85878ac6888351e1298cf82ca5583f69cdb27d9fd0ab8f7c103cf6e9f312ea4650595832811a28c3b7a79d856f6cf08e1e95e580c620c45b1f398b439dfb6b3ccfd631ae3de8e717e1e9d848c9e50b4bed118afecdf873c33e273774c1ac83c3ef97cdedba1092b7e9dba22996e95a1de6d2e8fbbb67b9eef20feb4bfb776e80254f75cdacf086c11b69f2b8e75168ffa581c041b03f62c248410425e2c2e9f7403c85f4ff47a7d53ec7a485efa71578f1e727bce9f164b5382e1390474412e376ef48bbbd35b54561019218e4ce8528ccb0cd7ff78915e0a350b71c4b7b7e165012bb2201277224a898ab8e03164d45be9c830ed5c1947ac74ae059bfe725cfda2fa703c7be510c9101e6c51a03c12a24dd7b5576d5be2bd4c1a2a7344a518ff5c44a0d75506f979f5d4d240d2eda09d86b4c13c3423fa5fa6ec55c1fc2c8daf765cbdae128deabb58e937750f846dacef7ef1a4ac527de5461d9a8893fb6885e378e5895d9a1686c883b16057db62421a056adb7ecb6b5100f0bc241262c3aed021584b23c928e0468ec6c2a81e8c8334804d1563ce5d0255d5c5ab314a304bb354d3f88b249d5928422a3cc9cf356478df01bb4f9af7c46e8796e12b26505dde160c2c7343dd858f263ac5823d9af790896c81c4a4441b5fdc8feb8df9d3579d6b0e8430e0067184dc84802570214501f7e437f3391ddb78f8501872b01090a25d0608564ca011dba00cc8f44c50555c2473e784cc972be00a98f87c5faa7e3f6322732a0c69735e5274f09c17b0ab8b219107a7a691a8e7c088fb552cc36bf6bccc92c4d2ee31379cf37aea0a8ef33ddb129f67bb0ecf1311686e93fbe778c836f2e30669656ae716588128d7ebfbd76df221cfee1d12e673a22a26352f832c8a5373d752d0499bfce899609197455bc2d27ecc1211f35c95083526b2c9215ccd2faee7328963880b3afdfc5d843decdfa8f9fe40bbf6331130dbcf9d2d54843c2500300ffdb7cf657527e2d4f73977f27ce56d15a2608ef7eefef66fc783e35813effe2283c883d74f082184bc68d0d383fcca79e79befbe2e86cfabe2f31fb6dd9ff7652a57f275adbd7aa59e20305fd40dcdc3225e80adad2af755715fd1ce17edc835112be53de19be6cb345c0419bd94abf9aa77be704b58f3a1cd6cc1e3b47a96e7f7afe25c162b87b95ae73b60bfb1a2194c76ff65b8273d3d5521c8909e07fb7d29c4a4da9e64bf08da4a728bd1ef86c2bd55d5102f1e5c35ac4b93c371fcb308ffe96ff66de5b2bae254da55c248851c573133a16a9a10fdfc157a21b293be9e287da7194c164928650f4b1da335283b11a9f0f8740d532fc643cda27cab21bd7b4a78493109e2621e5a3fdb691ca3cc707da756a20c46376adde085a49c10e53fdba12cc270468c83650591b45281ed4d6088e4a1293da450879d5bc656ea8161506ea3780744497d9f63912bf38648ba9ba3682dd965189f167ded5e11125d3ce31aa3ff97a292d1a6d78d08b25cad6549da947d9ad1b7f3e7646bdb9cc832d186508f524c922d1ca478da3cccd2cb6177581cdb52705b8731cef9dbdb31aa0dd636d243bf5a88499547274598111e385d08a8718b6754bb7f71bafe6cd9a18de7674b3e37cad8ff7001e5fc5d7ad2f46745d1bdf50ecfa0fbcf95e79cadfd6fe73922c7c30d3eedda3dcb3274efd88f5b788a9b22b78ffff19f27e1087bec0ff3701c9fb1b5ddd993b11dab9e8179ae7b97b0456c86b9104208f9b440d183fcca51d89b8aeb97cdec4b0fbda8d576199271420e2f8efb456e0c8f7bc780af78bb82d15ed4a3f2c18a8488b03090b6c1b1ae5717314e2fc315f99f628aa05eaa258cb0875e40f3f7b2d1e3b0d7eb3364194683ed15c93404230465271b0d2103b60dbc343c1031e490f2d6f017e383e9519e0f69ac6462d6f32a6ab50302204232c27093b973a58864d251ab3ecebc13f5fd6965f0d03727a3e3bc7ddfb61b03d997699b21ca5b6a5bf1f5f1d1c3ca76b97bc79bbc872ae1f814ac1c1252e356ed8b9fb5f29a6d094312f97bb6bb76b6321e7692d55c550fc148b6d109f390a50a091a999871a24ad186019f1567ac8cebd1da3d4240704f0c53abf02b911d2851be1051d9c72a29a87b2e419b2b12041817001e902172c1807b89f8a0cc9d6b05f0eb449625f5bc26294e953898fd1463e9631e624313347264ea3e9234ca155e72d6db2b08af99144a2c57d6b3ef3cfda8d84e980b41ccf318afbcaf4c6b6cc59516643518b4fbc7e7597a15648513d9c6a34cec225129c2600b45990bc552bcf31033cf00924960532c1910352f93abbb9a8b9fb2090008a1a6892b9e1f0891d8d9db2fbd628b2dc004aa91eba8978d356ba1314d54ca9f22d59ff90c7df09eeecff5c373567048f282fbe5acfd9e3f8a3dedc84d84f2fd531ceaa29d873af64917d7b0aef78f1b63dcafa387bde4b53fd49e8318831573b31d3a9f6d380a377eae78cc5a93585af2987a4ab57dceff55fb6b5ef776011e7f63d010690fdff567a03489ec23162258bd851042c88b0a450ff22be51bdffaf6db18f32d28bef051db7e1cd7d9fe425d3926d4b0d6829ae7964033ccd58015f1f159865655b1f4eac6eccc55cf280f7aca6e6f66b11a1fefe730aceb2ae161bf42a70de7392eacb5d10db8743947091f7a5df572eded3060b4a8757343248fd6bd4ddce070a147572b6bd95a932bfd155b2f38e495c8fe34d5f08c31a85ef3d4f1731d16fe0ea3734eb69a2fcc312eaa5a8241ffaf1b10be6f7817e467a3859ee4792dcd95147214b2ee27e7ebfb643bca5b22c33156337c53eb012aefc5c1681378250cdd092cc59acbfed2c3bcb5d1bc00baa127d97e855751cd95dbeeca3eb68065068527e64ca3442227460a6399b726c7d6c35e166ca4750d00e1a9847def68f66d84c20cb3e665d004b2dc1fbb6cac8962a1250415f39c14b645aaca38325c78d3109b2cc4912d6488e702112f3feb734fd3ba0b6141dce05743d461f5fe1e3106a12c58e6f368063a225c238f5586b000c0745129841943ce05cffb6295a412358e87fb208505b383319a73d4008c48ec5bfbc7f55819e1dbfb49e0f7be0dc9b4ac710d9957c53d34ee098b6d5c3d146e8716e5354b885f2554e43d92a5ac81c3bd997fa7475be934fdfe12dd73165bc0ec82c0437f77833aaf200fa97614bd2d4d6a99b0b5f6f3d8ae256ab9d6994fc808bbea79690efdd3cf6cc78a4bd59bc7313ef7c987fd1be5a251ca5c1376f69a79b01dc77379cbf2f914ff363db04f2e10dc5b44286de77c0e81a90b4c3d4f4c0ab12980f567f999f358124208212f32cce9417e65bcf3ee775e5ff3e52fe2973ffb6d337be32f728c07bd126cc78a8f4c8468c07af60c97cb05d7054c016401323df67e5dafb1441e068a01303de44230d30a1791192100e5dabfc35e32b7460a1865d001919ccf3c9e3adf1f23ff437a67f822bb4619c11408fc5c32479d13b94adf5dd6cdc3793c9f84e767901ec3df63cee31a650ccf619249324f068a85e1eb0648e433a99c25bbfddef7b56ebd571511464f866a34e3a1c64ee08942e5b87ae8cdd6c30bf53efc694535ad65d9fdbfdb81b02fbb98b2db8018a71431f23383798595b143220ee7ecd7dbc6649f674025e687daaec62369f0c67eaa153e202d31691a81168297e7c64803285499344cb28a4a8a286d18d0849d9c93634e377cab3fb2033d7c6977755c8b4b1ba7f1b1dddf956455b631dee65be6e4a88185ecca488724bfbbffd37bca8b99e4e75908b7198ad9fd6d9e0fa4f050b2053aee35a2900c2708a1c7db961e1133ee55c956a01a549e2257f776c9be6c7deab798c63daad11e3f96e746d94256f6be37617b55941050e5525b7a48b34cace1c7b49337457939f8ef7ecf64e529c91b3684b4dd06e0f87b2745b7873cecf6184a3b7ef31068f7cf591ca8cf4fa304eceb3eeed36ef09640748c7908d7e8655fcfc6f8439e6592c9700f6560db3c7fceb11ef268bb27e8587b06f6e75335e2781f3cf4bcaaf321c2231f68cb390fd47e9e3ddce700da33fd1482b855c8ddd4737b4abfb39dcb871042087981a1e8417e65e8f5fa269efdec2d03bef2d15b7f3cd2585ff1c237c2d858cf3ec0bc3ec2b30f062e22e192aec0d59310cabcd48b5b19197ac5b447e5f161d76790cbc5eda1eb8242ab8cacae7c89950a454024d7b3ab56b2d091b92bd6356caa8b7b58ac4800992fb22962b45c1469bc9657806a54a430c832f7122881c6b7d3a51ee2d35e80557dc53796817dc5bce52a11d95e32ee69306255ddca4edf2fcb12f921506d2ea33e8e9f2fd16a9e00528627fa1c2dd924cc3d56f275b91b0e562fdd7023d4b6d3f4c1281803768d2a1a295c09426890a8f0e0ea4779351c4253b6a8e22ffdfbbc65b488342336db96866418b543c22e0f0347b3cfc20ba3c6677b6dec987cdd42d139ce7ee54ab16d835f80f42840851d4919b019c255d7b0e36d8e3240ceb539a254ee16256c6955d6f1a4bce939e2a67a969a15f3f36f2f859d64374db4341ecbb308802cddc930db3c0a7788f07ea8a169447f98b8a18abc5742e89036aa6ae5c7e80945a7ef1ac9863d0fc9a8c956fa57de4791ec524c6b6e5b840f0d71f14804e17993120660d0dd3649d12a0c4acd7b393c3024af7defdf8d4b89b6bb811f7d14bf4bce07a0c646f2fc800b46f9cc3bf5a2654cd440886f006cd4e716630ee946bbc1c38db21a4a884831e70497482a9a97b1ef6bbff6d3983f979301de3a23f30ae5bdb045d1bc716314f39904d4bd5eb77a176306629f1e12f630965581aa1c51efd69310df8e75be96fdacca6def9ff5202861b9182339c2edba9ee769d10f99db3c24e0f45d4a70ed9f9f559a0784985860a0ea410821e44587a207f995f08d6f7dfb6de87a0b8a2fdc5b91c2c3ab660ff13c2f8facb87219d3579875e17a770753c57aff035c5f7905b6aeb879e965a808ecfa41ac12c7eaea9c1818f8e0fd5fe072b900d71422e2457e5c60cf3ec09a13635c005cdd28bddc605dcd2bbf7477ec67cfbc7d7281aeab97f63483d8b58540445e89a8323010213561b803480ffe78710da36dc1b3f103307d86316fb6513bc7e1e51b2d14670cf742b0ac9ca2dbd89339b0aecb3d656400bafc1c224703eb7aadea053286b73d3d45c48da11ec2528201bc1ce398e19a9e069f78e59871f1d56cbd5e31e6ac8557c9a4a0388b2f2112f4d5e2e16587658ef200902678e0b0ff03c6427a675c46e55a28734adc341ef050870c4b288f8a307c8fc69327b53d7b27a5985206733661b80886b6fa0af1f086e891e8e3d8a13c4476fbe3047eb88321245ebe33bc1b2604cb4be56cc16a2932bf00cc432066563731cf6fe18252084923f35be4b9dd515e8143c5989c3f6eb30b6c0e203c8d9082631af251890651316464bfd4cabb8430a2151e6362153a534e57c3cbe302bb8ca999027344a11f2f0b6bb2fcbaa7f7bdc122d76818fdba5c788b3ec9be19403b4e080b0620844c6482d8f0b43084d74f398fc4dc0c01c41be8f79eaeb53d19cab8459bcb61f8672e0833982d605cf6bd68cb0547ccbacf0ee12740e478f12a46530c1aaad4f63409c126c3b910794b4ae05c709fa6a39800f3e788a9a14ae99657d969ca3ee051911e0f3d44c6c730af7b45bfe721b6879acfa43df736de6f391f11f75d5624ea9e125d24f0736528c8f1b83e576c571b1a99a3e928fad471d1e67a1736ba4879ee0b4c948463687df121d443bd892bed3c678f9d14914cf39e6cdb77f1dc74df4bdada51f3ca8045f5831042c88b09450ff257ce3bef7ef7f5f5d2cd17c79ffde4b797d91b7b41eebe6bed43e12b9dfee29671cc4b17aecf16aeba709917dcdcdce0d9f50a7bf63e9619740eac671fb8c7c107ef4346be30877188bde0366f1ee1d9dd2feba57a5c2e5ed6760cf7d2b87bdf57c1a7afeecbddfb6e44ce01db6f8b30785255190b30c515cfdc305b61908f19f90704b2c47319e4cbaf2e8c7909c3652223ffb34be41226707865d8f55ae70debdf85937cb98d55bd75bd46288e0057f734a971b8c60ab72a04d730de657babe42ab5f9cbbbc220aad0ebc2bc4c68bc04f7449e801b0688feab1877c9efd3b84e4f13c1b8cc301c04b82a7484219d2bf71ac686e4aaef7d83c13261eb41286806481a64f052a90678d2d3212efa84f34485068d515125b6cd9670d8f03c10bad641e8c19c71dc34d55ae84a1faa3eafd57c5ee5ec94bd025d19594eabb3b5ea7d685b7c17e131b5d0ddeeb19dacd7c58ce1aa980b13dd10aad90737e8353d81b2d2c92a610c407840488450ed50ab4c12aa3136222dc744cc3508629e6dd1ca4c5ddc32b4715b2ebc742bda0f5a556e6056156d7687cdea7c85628879b8c91cd0f0262a7f097301c557e52349704fea99c25024f8dd7debfdf2ffb3f736bdb625c775e08accbdcf7daf28521429ba24515299a65c28c36657132048d694ff834079ae0181d2409cf5a07f80d1434380057b60a301ff0102d4c80d5985028482270d033d78b08646a3618bac77cfce8ce8417c64649e735f154b24f424ed28bcbaf7eeb33ff2fbec58b96205c19d7e0716f518a4c5b80d6d1f5f036d3e140f891a351bcff4d1e7d3c7571d9fe7a669523c140712c0c24d184c5a8399a781358f31b975d21d84d57e2bd3719f1b79bcf9388ed03c6f3f600a0f02a0f3e7def78297fb8e149933d50264cbe54c6b1111690a62cf0064e7e730c0f89d80c80feda36359dfa8a8060d0431deb3dd0be9f1f6c89fe7e34f8505493aefd32c87a14de147484b48065bec7b41d2f1a5e013b8756f5c9c76da69a79d76daeb6c27e871daafdc585ebe8b9ffdecbd26a2612dbedb975ee056f6c65316a1130e7808a375c6d13a8ea3810af0b0eff1d2ac212df632ca04e9074075ec6402909262e68fc31c198add59b69d5ddfe1b78200b07872732ca8da8eb07accfaa2682c0e0f19f0fa53a9e925de29d8e658b1866568760b678c40c3090828adce6c0bcfdc52ab323fa8e84e31952807c269b097748ce73a80108e13a9306b2915cc1d159b655c6094b2c1c536a9683bf6de553c75db545bc1c3583cd65b8066e5729155d7521058bb09c0dcc78eabc7bab70ed9b6140a9040078c14c2b94fb43f4a9473385136f6ba0969168edd532205596453306a026f04330b5d0420b6fb5a69f2cb7fde61f58c28f09d613f45c5766badc186b15e346716010e384b62606aea880ffe8b9decce77de9d0d00283818a35e7e79dad9d743062890005d80eae100eae0b2b0f63d5b561118db42103bbe0c317051cbd2c5422640890e4f83b582e144b1c32c06b088b597675ad2122a3341719b29500ace37899027ef3320c655087c4a4f65f2715434ac051e1e64e1309e9d2575731e3f51cef438a383985650b7f4b0831d107de2b7179714312d97f42036273d2615f9d824b81e853860e420112c948dc7fa13d0898f5d109804aed0c2e00016c24d76404018c500e12143e2ceb98da185a95189c0c901bfe7544f8c88b2ac5b09ec7150e99ead4efd087f41803ef93859fd8dbf92e69c6b26e9019f15518a543717d71d008044033fc5e02003f366d06e988ff13c27721b789626050e3b5c21269fcbcc1696360049074e8bad9d0e7ae754d3634d188f1b051f7fafa0cd69a79d76da69a7bdee76821ea7fd4aedfd0f7efc4e2fe52dbabe7ccb77df80cfbe63b59aef86f9bfce8ce3e8b81e575c8f439dab5af0407be87cdcb24764f97f1f2fb8ad0d500604e166cec0f88c12938271c4cea55c8773a0cec8f064a85438e57df89ae3859145504b89987d6141d97673e800583a5e6646dd2fea4cb1ee78979dd08f8e7ab9a83365d93c8a3bd4dba6bbe97587e00aa2a2bbe0ced12fa4e29d5bd55093ba81c0e8a2e00c374d6d482860691656a0a12adc0e94fda275b85e516ac171650b37488e0680c64d81993ec26b40a4212d0604714f19270c746ac711fd571c40aa63b75944d0db81cdcbd118a54a0025c3f948a2ae9ee6d61d6d9170da1c4e806b56941242892202546d3f104646185670a098133c5c64d5597107032c904a400678a0c091f69796835b076d26d0e84046a4571e4e36604e1a11d03b86d029c66ebb1828412ef21983ce1c7c0438a31f06ec604e2786b60991d6a1309c143379483ecf026c81825fce24f0b00f517752fb8fa61dff52c2b382485790a72818a8a14be684ba9309af27c539c1c4f1fb60e091e3033dc63050d3c584c9ea118eeea0f1bb79591d2089d0116f63df699f742c040516fe320ed97d6c7cc7f5c3812f3458093106fd1ecc29dc4afbc27dd6c18e10088dac3f2218a10c764dd651b995a51c297975380de6cbcc48182d9699007d65042c0000c4422b7cecd0e89c395c0c29adf0f82e59435356b0c1474966a8ac26dedf8626cf6ded73c9db46061bc4d77efbb9022358fe5ebff356d09fc881bdf9da010811a6a47baecf72c7a6b6f4f68bc1919ee373020079f895cdf3b897872c96c14abacbfe39edb4d34e3bedb4d7d44ed0e3b45fa9716bef1669df65a1efccdb46bf98dd7b59ecbda3b78e6b3b703d1a0eee60f65d71b29d65b365077c80132b30329c0dd7097007684bdbfdbe1b17b47c4888ffc74e9edf4944854ba7facbe4685402faf5089d0330837ab374a2e6c411402ce8c7a1cfb33771be6ab9348447350b8424b42160e047a95541935a2d7388bf646b7deaa13bb8edfaa8efc2a5425a076a058151b60dfdf1c076d9c150960bc0c0d1541816021cfa628ce67a05b6632c00f602ea87366ea348455ba8a28ba63f2530a4547842058ab01a41a582e3b882b60a34055f6a351a3f15b46ebbf3008eeba17a1a890942207071184a142410012c356d11a04bd390225147881cd8f0dd67818ac8164bf51a389a98f36ece8339c59c1d4fd372916ec08489888208a554f46024191bc629fb70968a0c87250139136b26251c890c29e6594b7727687686621c86464a7236b7326578903242a6040422cb4a82629983c65c73868d3f4b8cc6402622cacc28628e64848128b82244c60092f0c9c2b9f5bec9be6137e7bf16407a62049431c68501311e888cbe2da582c8c33c46ca60941a0e2181620ce8f292e672d98cb122508651031c88f2f581f433961e4088685786b33f9c62774493139f1d58d1b60c0600d1c436f071e76a23c40aa8b28c062b1166021320cdce73825088d00501f2011542ac77767689084804acf144b1d43ee50427886c62773894a343dcf80b097cd0feba654de0e6bc39f42225ce82339cbc9d73f88b8775394886d49e39f4a59472f30c0d495206c6fa9de2e59b4343004488d8f2bdb8fc99819e0cf8accd1b3a4d198048e326c2aaa663f67fc25c8e94510a22d3dc0b6620062897ef76da69a79d76da69afa39da0c769bf32fbe18ffef807407f8f3bde96f412bdbee47d1aeb630d7df17f07775c8f8ec7e38ac776e0680d2c4337e15e3cf8cd8ed4f2d27c236867912f12a7fa0ba853d4fd58da2725a744fb1e637e1e62a77ab5adbae8603147dcc232d433d1fb16a883e8ce9756703caa777346ed25bc5be999552b44303440bcfee608b7d855353abebdcc76168d9621cd7873f416a9718b8539a0689696c814231db4edd106a514c84b659de84d45c3267a47dd2e10eec10229db16edc8ed40ddf53e51eadec321e2dec1d250eb1e5a1eda4f05ad1d288540a2613ac51cd16640885f4fac14716faa5e58f1050f7591598f4044c2211fcd48406730194ba30e671b04058fb45831260344818614e871cfbe31ce93384901861261160e08b07bcf56a40188f9387315092f2be7b4aa7e86a4f001d252898112e4f773a7cbf7bc03d8f0b2c11c2b1f9b180e944d22b1fbc4180d67ca432a125bc4bc68910681a58df6ec41567f25ac78799d9735da02562eb69375de8e79e9e5b5f89c09ac705d0ea4cc21204fc52b96f9a6a75dff217aea75d6f9080435c61cde1837486d95fa9e286e107d3ace1e634041a09949508854dc3984674981d49280394ace737e860beac2c2201c7005ccb11f858c95cd41a828efb057811f0e2e648b353a06916b69ccebe61cf622710e4f2c96b1a67b7d3d5b8eb7afdcdc598f6736953e30463d7227898b015bbccfca8008d00b2b1b220122d0399c0109ff0ed335c1eb9340316f032f12cf6d33315e425876aec1530c0dbd669431ea8ac18651c09a7247cee79f76da69a79d76da6b6427e871daafc4deffe0c7eff4faecdbf8f9fff77d11f956fe6c7dc9fa2c612e19c060111c9dd13cace5dad0ccd91faeddfde77d160aeed05148bba9e698219c0b80f2cb673806ea6050bc4cda71a270705d2bc4fd83e22f930e98b8d3a535d62bd89921c65c903aef5ea6fbb93308540da50052d88cbe986b560a2d8dea0748ec408f9d7131f74a6c877e80250400bd811380103bfc4ef93f9a65602174fb5c8e2bc81c13da34e52c9747057a8a3a4eed7ad55dd05a5544f6fa188e00511922b020d750c4953f41d97773ec2ccc00ea30946d07f74377f401734ca16c8c42c0a1e78433d0ccf138ae7a5ea9933643018285015606cc0d90d78618a3ef0c2bb3a1846b40329c2a6f7f62672088a5ac05a8d86710656b54139eb4fe93deb58c1d93f3e7e018953a4238c4a1121da76cba24ee001201bdb739438439d03afc5d93c247a3a338faaf8b865190011464748c60c5880c190b82b2518c51a53a03035050875ec10c721d9ed8f53627561b0803dc5199536d1af1993936ae33e8e43e754020126300640085cd4b49cfd593ec6f2a28602bad803c05ecf47c185866299427df90127b0470fa8aae2fd6a8dec6b17b3fd6131fe72a2c9b329ac02f9301262de0b23888e36d2392dac03a481c74ca2896eaa6700e17f374c22809c3186bb6879984433f95e3d6590e80c75917f0facdc0f5ac79b1acfcce18caf79cd6d6d1ac398cc6cfe3f49cd1a83020a88ecf82f5930100bf778218648020fe1d12ed40166e67613ed146e41a35a3ed079be50eb841b3c8a8834a1e9e97879d702e68fa6e8cc1a8d7e6efc3012019dbc387e889759c76da69a79df69adb097a9cf62b311679b7bcfc9fef31f0bd7c3cb328f20bdb67617b88682c35b3a0b58e6b6b78bc1e387a43678dfdcfef9cf718257efc1ef0b296677a76c220848603e03bcab163e9c74de433dac35e306b31e71f048d4520132eac76dccb9dd32816944a91014564a44205cc810e5080d4b90a4b3b9e2048157b491f533f36a565a4211ca08fc7af27b1572b1f0ba3ec55d3394269f27bf5dd78a75a9bffc8fdf665bc598adfced6c6195c5280a1164b712b43f81344a643c22315a600c771c5d809551d09da36d071807bd317f85a00518641295ad6baef2a60cb0cda37486315b2dc2f28a69be26932fded73000020004944415477a9100a15b4d651373bc68c5075544f46192d10142ae84703b602be36d45a4155339bd46d0b4d102a057c35964b382f962d858d0762a1179ea9c2190f450061ab5f290a4c38eb41047c1ca0bda277cf4663a1369ef7d8c26cd832f504f0c00c5005598616ef2b9d641ca405b231ac4ebfb9a80ef4409499535d1c9552aa590add1532a7b387e0a603700ee3d9b0ed26325b7cdef99c5680ab121baba3806808d5eafd3404498787657251a428654389491e751366053d3c604486a0a7631fe11c5a188b2f17040b712ad090af2ac6d449da3136ee95a8e44c01d3f2c1a807e5d00967d8047431d276fb3c2b06184888b7e629bcaeb50ea2990070b0565c487676fe153a33015902102097ff6deb8983a1f9991e2ee66db408936670c441239232811033d8616c88690d34c0e0e63b462b90c35a403368e2bfdf3036acf206358ee7391d909c1905c33f46b81404535b04b811e5cb6b230760967bcdc1965cffdc8fa33d10cfc84c90dc76016ec7e23f774016375dbf13d775fc29b6c869a79d76da69a7bd4e76821ea7fdd2cdc54b717d7cebd3581cb4be10bfc2dc11efbde368071e1faf38da81cee6cce4fb3cf112b6ee8add0339e259c83b6363e7cb77f41c9000102fc24fd5c39f3536d7385ed8d7fafb73b3be80c05222fad5e9b35bc068a6768f975f8a54adea907ba935c56576de4014cc806dbb5d26d4d9b6b6abb47c62f70d36c2dcae7196392098fc0fbbd6002e72bd0a22ec45010177ae3d4cc11d40eace864900c46353a7dec19406fdbb33a46a3bb5761d3baf2f9343f4f87264e7b1b297aa7a1fdc1bea7ed163db087521aa063ae91829655367e59150ea86de0e73b28076a8a8ac3b4802807af786d2701fd1d4a9a0120403ea0408c1d3ed160ff7e806eaa4f1a6d710e860148cb09681e1090a177413a9ecbd47bf0364d21402eeba13ade996cd15a5e17c3bd3c91eae200c0d3d048e9d66dbf1b61a275733dc77ed5b2d6f8f769521ba2b08400dc500276856a22e3252ff8a3ae6eced64ce9c58480a2010aa23838c811f62608b3ace620c2402a41b304728c2760f4c8009918124de3ed61e1001364b7d6cda0f64b994bd2d667060b40f475802db5c28236391b335e08c12ab07c152e152a4fff556072567dcea1d65f56be10e7dd2a920424e199da7bcd0604a38a841697d9934431243422343d2bd7c40c860ecdd8499f86325030fb62e2456445e5364e44682c4787120ccfb381a7094d9cb500c744af7f5d0a27886a46bc95879b6c41328183d739d4668ce94eed8273b1cec28035c79453be4ef831caa99ed53998fbe564e22bc18e17362e1325897f713f838edb4d34e3bedf5b513f438ed976edcdabb90f65d117c271f5f1df4fb0efbedf9febb88e0e82a5cfa781c786c075a67b0c8f2028cc9e17bea39b91c4f99f8f3c34990491c333bf1e1ec8b87afa41760cf4e301e6e0efd509ea4441d8e97e37c7e6e3b8c7dc0a9f4d959803ab171bebfe09b71da0df56bfd789461294ba6aa0775dc9d0700599781b21e4a54924c6f401250f0e92c9f691ce0f6f5fa5edfe6fbbaa0a83b76a8c9914bf76488311ca02210a9cd44947541a20eb93cbe840843fa1e75112265b538b3605346418c090a19556588b87e46726287438be1c655cbfa23b054c65151ed434546407db0019cd130faccfbdb32b6802d5468064bba88854bd97d6a0175750cc5b2ca2830a619552000eaa6c08439d0eaa0f504ec595b770d5bd23e31bf8ac638000bd89c2be6e18c0a29030152cd7f37479dc552702a5b2432f670379685cf3b067b061dd760f054c6e6e852fc3e1c5a0159fa5a73dac50385b402b10e74ed4b26dfd96788102a158868e8ddf0122dcb8f5543845128e9a9b853ed40a435a1621fc6c4e20ea0d8b8314d17283347a49b6e906bb10888360d450b5d8a793e8f75c7c1a57aa38da1f3646613c0e7141cbcc1347614800444ca00136dcd61beef983b409167b99f91c11abf760239c782b980da39d34c1260f532ad22be2b182056436374e9f74b2a9f28f0ae78b1f6354b53303900c4d12e513641a47276a1e26026c5cd298eaf6c8e7c2f3f3e89f1c2e1b314f6e9d331b701d21a4a4fc0179cbe17ec7f2479bdbab7329f76da69a79d76daeb6127e871da2fd5fee58ffee807c278af0bbd3d44ef66bb4f1b9e2d0312beebdfbae0383a1eaf0a7a1cada1d967f7eec540d0e6657dd9bcf3bcf5b3f5e57762728833303a7ce7decba1cedb88c3f797d0bed41dbdcf4c0cfb3b97d33faf967965bce09a1388f965b894a2bbf5960d21ca23a22feb901152e1e045028deebdf0c7cbf40256699b603838f9c53bb5f74cab4ea3223941b9ffeed1a8017383dc09b3ebd67ecb692ff3675bdad595f48ce118606c5b6670288122fe19511d208a94d8d1750796224448c79f033cd27336165170a416f5c1abe7da2853f90180bd4d015021f4ce905a2d0b8985b418a02065b49d86d168d69e80749841fb05e8ac0c156d35033e3080896d0b07dc43a91cb821ee1a9e73b998d306f0f18852b7e1c879f89500b4951059a45a3444c61c6b4033b8441b07c06275b210a85a36303794a2e080863569a6966ef3440cf8a9007a6ba052a170876506e90dce6272968ab6bbcf699f231cc2adce0261b1b01a77214de451ba666351dd1e759ed9580f3e4e44dc391cce768b71ada00487c64ac7e68e729ab3685a562dd560b6e87914809318b814200b78a4d0b5d1d77b8ff11f2004106b59b0d7d2da75032867f0006c2155690df4730bc5dcf07522832979edf6f5c810559f71d3774106493801d1ee6c8fb251d46bbd07bcd59ff8eec9e78d75c29602bb615e3f7248e00c36a479079e582dd3b3d39a94018fa742469e5aabf3f7c0536bf958ab6fd7e609584edf0d4f3dc3ff8e8c60a79d76da69a79df61adb097a9cf64bb3f73ff8e01dc6e5dbd23eb9112f059e78e17bc222ac23bde06a584bc3f538701c07ba30dc83363720eeaf3ba4142f7925dd6fdd8f8a17e1747e38bbe925393bbf7adcee672ff45b2dd862378f637770b35dcd91b485cca945a44585edc6b596ca4d4e915e1c152b2ba517d2f8cc76c6d9843e850a5c3ba4c0180896beb2020077a3cb7b6a5273dca1947e4d4dabe589b49cc69220199a1d44caded0b4ac885d4d050728fc12618114730aec05bfb0048043c9a9b9dd0186810e3e8e3800041f2fdd9d34607af9f7eb8b655d59818f0c7a88480a101acfce8ea27f4e48008f7e845228401176c025d5275c5db1709dea6148565e6720c8389b99f53eece13d060608d4f1260d7b286ce32ac431ed7e3da551ed9f8005e0c7049858d935ed25831f8142d552266b1934e5b10463a41f075ccb44d8c45445453d4bd975079808787407d2c46a59344733144208416022c8d5c3aea08c12289ba417bd2f35072e2a841f755e9702391e558c5608bd3a2345c7552101a4c7f82ba5046ba58a3ba5807446a91b408315a49bec1e3451202410be9a1e83cd03589ada32c29c44042cd7d09001b1825c2c43efc7d3311b30a18d502c68a6809c2142042a12e3cc81926089199bc7d71b3dee413365b0600c4829cea4110d1f0bd695c4480f665ba44bf5eb6f1c600fbbb0094e23c4244062c16045d0bcb6ebda91420403c44913c56c845da57969e7eb43bc2f6c8cea0498cbeb7f24c7fd9e098c41144ebe7f6b2cfa230be0eac7625d20ef4bbd7c0253f2f78eb795afbf46935bc199bc36be2a4c25806f3b8f2d65391c245afa72dc281e0adc61f544196c5e0400f274539e76da69a79d76da6b6127e871da2fcdb89577453e790faf102fbd67af0a3d01f405ae33e3e84d435bae87666b912cf7b7dc536f32edd0fbcf491d1fe97d2d811cb8fba269728de61c30eb8eb570c71bfb05bfff9b5fc6172e176cb1233b5e5ac5008066e1269a9c439ddbde7bb01f3a33ba39acee8774d6b01ed5ee647352c8441409dc59150a2cc30663002ac262d9242cab4cbc98038d86c319893e1d9f884c2e058795d9c119b2cc2fe9957b0aff219888a8f88bbf89981a3dda77fd9dd6dd033c1940939546db1de305df410e5369b04d7b4ad94d35970672df7aa5965deebc4339402deff7194cca3bc634d57d383bea63154018b5b89b3c8f21bfe73de02f4209cad01bc86152e124f90519a05b9e11e104de7e650b5d0df8d1423aa6c5472b806e4081b690026b96ee527a0bc7531deaeb000a499907204d0f2c78b4d4a7c3d98540c18ec6c036b25ff8fd3cf447878566012996ba998cb9543c440500514db8a6a074d14c365b5536c9d120604b676c5042ad96cab80648e6f40202d08fab02011ec663456fe200913241541ac7c65508d9b26ab8708bf2d255c126f2c120007153d0c5432a081069764eb1e3c51c771e7d4faa4352ca66402634a2c5b2c7b078288ef7af5d27022abeb6890a0f9bee86a65bb50e72615b178f0df076b0c6e060828fc358dba1fd64d7079b23d2b04adcd7434914ec50016af8cc1306952d8def013c78d08b3e2f8d1d9f4f92c293c4a7505a3b8a3173a84cf3d7efe7ed0318c3c7b46f041dd698b7df61099899e6a8656319df2377000a0720bccc90084b028cc9529efedeccf55f7f8fb564fa3bad41e589b04f5b87fdc85db688577639cc009e901d39edb4d34e3bedb4bf753b418fd37e29f6fe1ffef89d4e780badbd95a0861bfb2c2c8f7cae52c159b53cae265eda3b1adfde27536fd75d75b74f7b817cd5b17010059145453ae35209effec13fc6f3870baed70677dcbc2c9320697e89b4549d7e0e30f4348814ecf1ddb4eecc0d71c13e6356c0c327ac8c044867743bd45ad35d3f2a1a0a04c1b51d68dd4555356c08000e5620e9e81dec6c14b8b60752dbea8eaebe481790c5d4ab3643b17d5fb1f085d1eef7c256d617f69996ed747604a8e2591a829112bf0fb06aeae3656755307c2f7170c89d6ec09c5a77eabd5d2576fb190432098512b777479d2cbcc19c4f014aa9c176115147d05920a39c795b7b3887c5844cd5bf1eed5472fd307689a750a93be378dbe679712f5c298fc5fc999404bc2cfda877f14c29cd48fd04e11e63dec73a1a2054816b3710d1c7d95cd662996d3aac5d6dd7ba18d8c07d84a69031582432bf089881ba6fe0e340d92f5661b6fe600b2b1250adf0e00e65b958bfd40a6a4780825ed708af30164401816da35b877f0bad10436d40967e59a3478c79538ae93df4187345d146cb00e31a2c0e0eb960aca0f381124c801e63b596dd5210dbb5ddfaca8052efd54aae5d63e04c270cb9138eb626bb36fac4e662acafcccab259d75d5b9722544306a001e8dca1f419a11be3cd00bec84c133fe27eeb3aeaacace8132f431a5353d8210d30d02a167321c2626c86f8f874ad8e3c3ec71fc05382a13e5dec764f585a0b1de465496007bfeae2a92eebbc77f07880a4cb7584bbe57e2a7ce69ef9dcf6ef88d34e3bedb4d34e7b5ded043d4efba518a3bd0b96ef0ae43b9f7ef6b07b3b76f9c556c35a38b43cae969ed6af595fcceebdc4d113c7ef9565a5120f96c778a6faa50a785402fef937dec2577fe3cbb85eaf0ad270c7663bc90070b95ca6fa4cce7f01dce17216843b9e5bddcc29676c975da9fcecbb82eaa044ccbdeb3790a509b5fbb8c64750b0ed055d776237bb5e820e0d2850222650e729827bef3898c1a24c9406423b34dc08a5e831ee60069a01319dddf9207534897417d7842447bf150d9901ccc922d57648fdeae2a799b2ed6da82ff0943c0cdc8c89ac89e23bb602e8ce6fb468be761d5b066678fb0a22b348383d22207358d599e9281d233d271574eb179279b35433348cf0965a0a3ad40124e8267c80354428421a6a01a066f026b2c11840a3c21f9a5e151d917a5818858a862e619e1fc5425e04d07160eeb297373365569024cfe71be0d19c5f778645c6f89c00306630376c54d0c542797a537d0814a003852dfb0a146889e784030970bb4208e0e31aec99e33840a528a0046b531f7b2240b5f169ec18e1ae63f2728910b9526b848229b037983f91da3839d0540be838c658b1f143db08b52ac5b2b9c8a175d8aaea6450d3b6ebc6348198a82d8f396de3bfe30a078144ba317406b349e7375b5a60ad271565c728c0a67d5ef23c921e22bb0324636397544873564b57224a196061973e401b4e733e03653e36b8438a678a515431c6964884bde575cac75d270782019132147291d68410d92d60e9c8595ef4916cc79c2d624087cc80edbdf092bbe37f401876cde0228eb9e680ecfc199938ada018f83556a78c2b04289bca393e4bf75bbe63e7322cdf8d9e52dd454b7dddc9eb2bcdf7f6f4b64502233bedb4d34e3bedb4d7ce4ed0e3b4bfb1fdf0477ffc03a0bf87a3bf9d8faf3b809fcea4b805308ed6715c1baec715d77668288808eedcea1ee336eca99082579565fc3e763b45bd2c050d00fcfe9b5fc36f7ff52bd86a45af15bd773c58c8843b8f5319f44600065b64da4dabc3491f6db20d87dd7d56919416d2ca6602880540d94abc8ce794b3de0fdbb6435fc8354464dff70043f67d472905cdf41372197bef51b67b0c16497503343487d9001f70fccd005aeb2af127d616009809476f96721416faa2ed2e007a3bacf9287699b343dd314cdfd50dc8d10e40302532e8e27fe7f1914095dc7fd18f8bd3b352d6c99eddc5422ee88e30a039137a890064194ba0e13a643bff2c4a7b177f76d287d17e1fbbd301a668a35824019993ea6557660ec1c23610ee390673c4db25ef566b196257dc009652e63013751825fb639641c59cfdd44744845aeb348e8a8d4511c19ed70edbc1d7f6db6ee673ded99e1cd1cdc60909f6cde79567cef1fed1b657279eb49c4533d33001f4f2a5022c64d96d880c3418e0a687bf449bf9f15a86e0acc5b8b0306ad9069581b44ca56c0a923cda1c2703522c538ca431485446df65e0af90815cd6dec5f47f2cfd7280a7def7a5a05d0fbb51b17a29c0a46caa167d4d28882c3dc500cad695d954370d5d028221a36c920a4ff74b5657cd2a3432ddc0c02c320f9a88c0063413a0e093cde5eed991bcdfbb03c57e3d34bc29cf57f691a96d22a461354404ee0ea68e79242220a3f088e91ef9bd3c74e7e6fbca4281ec8f10bef5b1e9dd24d6279192d6c7718c2bc4fc64cf10e49f4d03de9952e3f268300cb06465d5dd7c1f536acd9541c912fa51f7981ffe9db616edb4d34e3bedb4d35e373b418fd3fe46f6fe073f7ea7d7fa6dfcfcf1fb02dc88973e652b08b1ee4069b6968e66296a5f3e5e713465798c9753b50817b8f39cf1b279bb5bb79eb3fe3d1d372701a2bbefc28caf7ce98bf8275fff6d3c3c7b867ddf548f23ed446edb76232677afee4f013f839131ef04e63add0b45887ba61dc011aae1e7e65d4a31a74f352e1cacc999649c2db22787d4c11436c649ad75eabf10417406833b37e0a9bcbed33f180096bad3f80aadf5415537008445012316c4ce2c1b8d9f2cd3476741ef6ccc20e52bb0308e3e34533a3318643a2a628945340c88ca866e3a05c576f41da490d80136115d773acda6549f6987dbdb33dbd4bfda30234b8d8f97256c65ba833b33c0749eee2faf60df60b668a80d82bda1e7cde015e5ff9b77e39f4c20463c62803f242e1331ae01697f91b51f43c1216dcb14a6a3880e66f505076424047bb5b9e6f9ebed1520e813f36d65a5489981ace27a2a368fd81b2baa69e5f1277137e75e3fe99ea6ba2b562906acb88bd9e951d7071e0e65a732d2e0eaf0577d08034c3ccc43cb066d07d88e7c2dc1084129a1db110cb25a757c6c05601329353651d9761d479eed2724206808196f55c38a6cfcd4b29918aac5c61cdda583e0da3b3a2f94a9437b055986a162ba1fe4ba193218293a955c909443ec995027e77f80872e22bb1e1ffdbc32dd083378d11767bf9402ee2d983c5880ddc83a4388711873c2c6d4ba6eeb7a2d015c4e63d62a9ecbb4965d0118071c0148014b03b186680d30c3892ed66f09a49dbedbfc73bcda327b6a3d1640a3886627fb947b9d76da69a79d76dadf969da0c7697f23e3d6de2dc7f19e00df437ae1cb20c32f6aee84b4d6711c9aade5da9be9507cfed7aa4f637a7cd672090b1eea866f7df32d7cf10b6f60ab5b64c1f05d6b674baced103b85be6b9e9cd4cc9cf097dffcc2da5a9bc2343220b232699c4512296fcd615953446600293fabf73e85e56440235f3fdfebf673adcbd88254dc48af2ba502349828ee1448f8901a8eb16d9770847a6f01d06868c408e3f1501d11a0f7d47e60b08136a5ee1a3e211d0ec064f0a877860843c47554c47ed7d4a8d7dec12caa7fc2c0d5427a3429a5b65b634183a92d78dfca28a7faaa46a52f343182a25d63579c16a1d49965e2e7687b1aa321b42d0071e02a5defd63d13cad267d969cccc98b88fc8c48ae1e5ba70be60ceafdd6b72c268844b443d60e12ec2a14d0103ec34f5b4b299088a343171eca85718b3c19c7d2a9b39df5afe269a1ad71d4656e44c438530801f6f87e4f503b0ec39dbe8139fa3e4fdb31c036e9950ca62f1d00c894d7a097c4201bf486deae416117057f160a13265e68170b079d8e79008502b227dae0b771229ab4504d8e6af7e01596a631dfb44006d9b6663daaa5d07d4fd01221d2caa8f42a58248d05b43d92f28161697190054760837a0116a2de00694626143c128c104b48a3428f445c674e99052cdf99ebf033404c7eba1a033b1404a0d90605d278908d20f702da68fa2e00cc1046e8dfd23a69fe243d501ad00250c241528eb670020896dc43df48df2f3a3fc449175caafcbfa3c717e97e91eb59295d7535ddb9af604c837b19f6060318d7332589ac1bda86f2afbf4dd5e727f64aedd69a79d76da69a7bd3e76821ea77d6e7bff0f3f78a74b790bfcf896ef17dd0316eeeec42ec7f20e14336b584beb783caef8e47a45ef1c995af23579073da7adcdcf8afb2e9fbf0a0489cfb8abb01e00128674c1a5167cfb0fbe812f7df18bd8b71d975d191d6ddbd07bc7beef20225c2e17654e08208b7642664b441698f402ea1a16f945358310f7ea70435b4ec79819a873dbaf0c947c3f67747cda331c58715026ced10fe3baec0cea733dcda5035c0d44155444339fb8e33648da00a0992b30e2fd559c93edf40d4e99dff7ccacd940bb3b141dcc845af7008672191f2e8399e38e98beeffb0b7f8ed117c7022607a5336207b4bb9827800ec17134b020d826cdc46345448566454648903e21b804e25e24a0fa2248e1265041cdde196573015482b351884aecac8b581b276abcb6ed2d651f18c049767856b644ee6b77b07d6edeccff74af0ca614010e0f69f094c70ea426ce0947bbdb3811a0179fafac7c088b676010ba15d13558485219bd8e48d9412c03cf18afc6c63120c2db6a62f3c0182bc15c484061067bec697e1f67a3ac20626666dd028aa33f60295a03e03414a810c0e681b374542a0afc91656259c4179819d40f308b02132c90a63a247c1deb447f7ca9f582a01b00e36529f51ae565826508016acae23304830d14290adc287852a21ec122aa1b0046293b802b3c3b125517493640e37869a13f0a5c68530e3d1232b686336360213fdc0f101db11e119a011bce482340ba45f7a8464aa9be368a6517b29eec3c527fd702172f06082501297e8eaf7d0402550ad69538882202311026fad8f567c0e87de8c7708c57032708f02c393a607db5182c2881e9bf608cd1d8b850046d1a2303885dbe3bd3d83d218fd34e3bedb4d35e573b418fd33eb771957721d7efb2e03b6357f469bbe7946773e79c59d3d33e1e071eafd748597bef7ed956c063b55f08f090f1520a00c21a4ab155c2377ff74dfca3af7e05dbb6a16e35d81db514d4a2e1210ffb0597cb0580bef483c8a5e9c2998e6755681845ded5173146c278718d9dfc65b7f02920e4290686fd321cb2e5dc7bd7afcf5b7fba13e88ede3dc0c46d15fe731d11a4b61119ac94352b891faf7566c28cb650e787d9c191b18b2ce23a05e35eee788e7b13805bc75eaf9bcf7320a29421747bb90cbd0916092abb67b08c4d549adbc27768090a5e646b167ec3164225283136a634c8b6dbcb3c3e132b2f57404885695b57015a6eba9b0e1aa13e2ed4ea2e1091864b90183322a58d75c692b7536e336db739f345b67b6cb060a4ac20ca7ce1cd71e2510e8e721bd8e065030c08b9051abcc2d3588b22b81e0bc2c1f312b8f3ebda31028a768a52129973a9670493828cc5626d243c420da852003aeafa22c26cb29319cc03f632cce16f997d12fd6320dcc448d96626172c5a4404e67c0354ab859769362818482736a8a9376f491448841d6ac614387a34423cacee2017cdd575a4e5fe33d0af1a73c75c75943ab2e8685d4ba4c82632b689678f72a11b8709a9a06e3b94d5a2e3894ab1f02d2cfd667fb9ce0b08d25e8eb155376d8f5281de5580190572886560ce0c281b731e9a148fa1084bd2cc2d05642c375587051cb341678740d33a32af8ba3af5d9c159a8a3aaf740e9ae6ef03240b0c246b10997e505ac3ecc123c4efb4d34e3bedb4d35e533b418fd33e97fdf0477ff40380de03f7b733e0b13a319fc5b283dc45018f76740d6b691ddd77bdef39efbfc417add9419700064454789058f08fbef2eb78ebcd37b15d766c75c356b7e1f05341a9fafbc3e5826ddbcc09be58dd0455691f004908e8010847d37723d98117cff6514a8020f192ebbb7c26aa9a3695c31a0f8d11f2fb0333a0202e00394251fcbe915ed29827f7583a6cd4f7acf7b1d2b701842e48ce20933fbfc73cc97d933f1b7f8bd55bcc9942d4cf1d58110a302687c0783faf204f7ea6b8b314e08f6ba0507a1e8179163a742738000451f64e2935eed35ac7e5f20cce5481a5251501b62d8126105c8cf9d09ba06ed5c41555b3a34b128f04d9d8e2702abd0c2c02e99234223c0c0a966907c64e514ed4f5b86ad94b41eb0dade9ce79eb1dddae61d1e70b0b3a2938a3f3d533d1c8a0f6178206500c87dc994ecefa08e6d6bddfa7f19480830c90d8df39c34731568b9f3f8d3b3fd71d78608407ad132a83284062690094d6c048516c63a888eec4e7b1eee38b6568868c3a60d66eb07144623f3d438c002065515055464711651214634d48116ca584a826d9f32a06c056b61aeb8c3be5cc1c60c7dab6f9ef3545729eff4f81b19e2d479b649ccfc221407a0364d2911a1c830154c852481b08523ce5b4b68da6e4d5f5896c3d1683bd4a294304b85480bba6302652e61d0465bbd82355cb84ea3e1cfe42fa0cd1314edca36e44043934e407e2e9a71d7c9a1955ba06a7cf7a33d04f192822a2ecadee6c322d27189666d99825790cf9711a0c42ad175bfa68c4f8a2dcae6c9a2e9881c7d1a79a654a3329e96516706699964ee0e3b4d34e3bedb4d7d34ed0e3b45fd8deffe0c7ef74d0b7f1f8c9f7f18478e9ed8eef7c6c650238c3a337413b182f8f2b1e8f2b9af4b19b982cef5ade73c4ef95e5b37dce8089648af89d73802800002000494441544b3c03ccf8c2b367f867df780bcf9e3fc7beefd84a4535c0c3ff6ddb86cbbea3d68a6ddb42afc24340724845d987f35f31042defeecea63aaf6041d6f65819113b86986a764232f0e0cfc93a205d38c426b3a3185a1ae6747067d0e5a22fd8f0dd61771ec528d42335a93be963f7731e0bb96e934325327410eeec6cb6d626e1d50c8e640d140f6bc97def2ff46bfbaeed2a22a87547efdd0002ba799e15150a84b0494cf04d3d4554f745cfb980488105cf7ad15b43494c16903a89975dfb06b28db6e987eddaea8e3477c6b6559452a7678b08cac33cc6b44e35e6128b85be100079664eb583323686fad08af194b7bd73ec6403eabbf6de6307b94370b4a6ff2c434d37908d4954b49835ed316843f77e2b054c259eafe104aefb42e120c39cf5a0fa071bc03ac576b67dfce43e0fe0b08c8c453041e289ed93e761dcd6c64dd7ec22a568f8803e0f01a2f83ae53a266465f2b2fbbd3cac4d31b0313701bf760604606112fa3c9b9722638e0999c0a40174a46c82ee75724209290b0dd534676a05f7ae8088cf67115472c150ddf5afc53301d9f8313026c04dabeb0a8e6473b68c564f33a04ce094b595eabc88814214e5e2d28cc141012c70ef4015486b088acfb519dbcec024b2f62b1e6a5380471dab1e06c6f864b4b70192653700a210843553964ef93ac286c834521e3f89ac3962ba2d282a562b5d1922235447ad089429547dcc1270685f96cd182545b58dd0a040c96303d55d178942c05534149008e80db479aa700fddaadaaea568c80e1578869e7ef4c81804d367716005d69460033b4a01360345402f1bdacbbb9d7cda69a79d76da697fcb76821ea7fdc2c6adbd5b44de63e07b9fe7fa158418c087e0e80dd776e07a3dd07a07f788b4ff959bbf7c3baf5f4c6b032c78e3b2e37ffd836fe0d7de788e6ddbb01705356aad91c2d55f0e0b288e13517cbeea00e41dd1f567dc0fc33177cb8edd7a9f7be050bec7ca6698eb3e6c5b76f972a616221a9f6f08a6482e4b94d31c6b29847ddbd42122739adcb18567924084827064701920442513b9740732010d0f0f0f13c03165efc0a0bd0308164476f873dbe5b68c6340387ecedc598506d77e201a9969dc56302b33586addbdd740971d9eea57fd6256c042808daaa6e0345af9b3edb93a40d0d015ece6243307dbc81d472f03330f0652ca9eb3df11c655df27a55fdef41e75531e8983139031363710a83c683fe4716d6011b30a7316a2d02f718603c8c382f4714d3ab869580f9365da11dd59ee9e0ed9fe35667413d914b065e251c7beb31e6f0e88d97177add99f0b275e0cc061602c1480061c08b11d7aa2ae3be816bdb0ce331fcfd972fa6466d6ddf204b60098c097189f368ee2b304a819a9c3185a0ece113acb00079c09253ee20a9828d804b03090deb535c81cfe9eabed7c0b67b13828e3a0010862a12514605516c2d4b15d2c7444dbac8e2622cfda928057b2e7d9fd14f830fd0cf25e058437ad3569c8d704bc5bca156646d9f4d9cea8d2a81d018803b0cd80208481a384e3af5f19a47a1e4423953491feb332135508012d67a6228a502cede81a0b9633c5b4812a0a9169a418938908d8aaa28ba51818f8a8ed5b3610e9f7a667b2aac5982685ecde061057157db5742f70ea52f1d020ee06dac0c6f8e80f98087377d064974f8a944f70da69a79d76da69afa19da0c769bf90fdf0477ffc83cafdbd26fc763ebe3aeaf73ecbb63a962e5e7a3d343dedb51d4193bf0149d6dfefdcdf9ffbd4eee253e62fb8e1f43163af84b77fefebf8ea6f7c19fb65c75eb748ed9a810cdfa90510ac0f229ab293e4fab374cbd8107ec3a8d578ff04a04c06bd8f3a1a5b08180e3a7f76c4e3197758213903cc0d8d7c015efc1aaf634ec9eb9f797dd7677bb619a2257b46ea9bfc9c7bcf8fbf81a05023310a4a5c672c07512d14dfcdf53001b1961311dd49853959f67f16cba8231e26634e19c66ebdf97428e6b4cbd27e2b4bc5cb3fc26c6e41adf5f8dc1f3a1656c609480142670590399ac28014672820d50e23538a39e9c5001910e1b2ef9a3dc2c7bf3be1d251a9a2731bf3ccd803febba0a3dab3bcdd94d5734448965556010debbf0a03634ac106a5ecf7c6a0bda8c32902cf4cf1409779bc898ce42ad61fbd8b6e910346f327b4ce2864e13a04b4c6a875c3d1afb164b0f57729a43a2a44683c80a62e0e2e99c02c048d7bac4daeede2605cb7f58aad4fb4eac678a805c87a1e324480b18ca5915a159189679daf7e6cb5012a208d37499f155b73781a8bdeff1974f131e6c007094f608f9fe375d6fb8c6be0e58d09e722a50e58c808c581f679d4c8c2780432c23f004d25eddf0254d48977bfdd01420fa121a008d97a40081d0f00b50a0a5530775420904d0d6fa2692e8055cb043071d2093812a0527c31857a0649a4db6569314f1decf1109a31b8c7bcf7101c5f74846c8ebb968a01260acca97cab3ecb5925260e5bab8212f639042875d3b6f7cc51de3609ec0aad150340321046622151a44c8f0260db2f7fb19767ffb50bfdd5cd803cedb4d34e3bedb4d7c04ed0e3b4cf6cef7ff0bfbd733cecdfeeffe3bf7f1fc0b7d6ddc76cd3ceda9dcff34eb2ee364b303caed72b1a63122f8dcd3fc466d8b49b1a0edb9d32accef53d13e9b67b971811b60dfabb5ffb4d7cfdcdafe161df51a86033c0a36e84ea6914d3bf8be97978888b3b309af5a02787bd8e7691393c253bceee18a9e35b2780c3cb9a9f919904debe2b1324a749cdfd14ed6682971e10ee9f67dd8e7cbeb30ac68eaca0944b84b5ec659f9ee5e7ad8c8db53c1918c8ac0c076f721d5796496b2da5081d80c4bd717baf2cecf48e05205266c383a6a9f5fe32e150214cec0e654f28c8d4a68c20725347ff2c5f9fcb9741ad5c1e3f3f832bb9cebe63ad0ea14418c7e5f2001746adb58698aca78c2dd8c01054f1a4ae76eda1d92c6a559a7f948fec2703a5ee0a0e9983381809ea146b38923a6cad35a0546c750f70a5d66aa1261ba88882325240dbdc56476b0a9c984e4908011363eb96ce95198504cf1e3608187bb70c2bd12e43d4b194c140e80958eabdbb5c039cf5c0a697e3cc191475ae4b29b81e43d8f67a1ce0624c0e06aeada1b1e0b0beeabde3e80dcc402752260ae9aebf8207aa01e4da280530400011d2e380008b441b38784154a6f9ded106b4e03bffaccc860202b8c3575cb610150717d7394a4423542646c9186776a2e32323fc431bd29c7fbd526f6fc2ba30f081f25c451cd7261820b033df14ac53b88fc4004a2840a09858995869cefef139a81970d842a3fa5853aa860f4d40f266e39a1b1ca58ef9999bca18282b40aa8739fab9187746c38314a061031d983dbd74b3b197c16c0362c4972bd5e4416750532607d562c0baad7fb502ad41b6cd80d36222b39a19875b0755d7db29a05a556ba46e808f270065dbc1c47ff16c7ff67f41e42fffec5ffdefff374e3bedb4d34e3bed35b413f438ed331bcbf1eefec95fbfd781ef617901767b15c8b1feedff5aefb81acbe37a1c38b88f9d6933073562771db303ebefce25dd3f7f3e7272dc9677b03a86030dd6ddc5af7de98bf8e6effe0e2efb0e2a057bd2ebd0a42c142ff77987d5c35b4a2928152160a93b8b63e77e14a44c8e8288dc3044329b4241869a9cde71bf0c426426c1ea5cafa0c8c436289af6d27521d67380f1e2ed65cbcf574761dcdbd925b9dd872336f453727dbd2cee8c67cd91485f9c84575730e61eb0939f91418c929cc7a96e6907fc29a72f9fcbc21ac693c431374b17bb39ab246961b85e8d83436bdd731fd514fbbf8ac26630631d5bb9dcdeff0f0f0fd3dfeeb88b08b632f442f2fd6cff1a7b4dfd5824c65a065df258f5b2e6b6dd36d531e99db1ed261629acbbd2454317b6ed62e10284cd49269cefd370b96ce8cca8a5a2b3a0b3ea8814aaa05d431c34fba8eb7030a4ea8ef5cd1a61fd226014d460c288089e3d3ca0f5abddccc27a44c7e586c466d1818ce7d5c2c184f1fcd905029ad61e4d21ac7c05653af4d4d71ede2391b6bac37f57b0845985911bab88ac325138cee920a02318178262d95754ab47ac7f000c31cf602250b04b9cf9e165d6b36cfe181633cf65a8468608c85839aeed0119ec10b2f6028066fd701bfcb37e8f78df9b7066ef235b8bad218aed7916149f5feab83bd3cb59744434585c64bd6a69651b7b7626310085e2f979dcb031c088004f739b192263bd31dd13ab8ece65018ccd540dea293a20140c4920cbb6edfa7c718293665a22d8f796a5dcd54717955db5315f0c081a6c1a02d0a1aac20d5c008866de61124827cb3c73350089204dc133ee5715b8d5f5ebbf502bfff5d965fbf32bf15ffea77ff57ffc194e3bedb4d34e3bed35b513f438ed33d9fb1ffcf89dbe6d6ff1cf3e790b22372fa74fd9fce29777d97577aa7746eb8ceb71e0f13870ed2de2f4ddeebd08cfafc20b03e41e2093c091d5e9cf0f61732244185f7afe0cfffc1bbf8f5f7be30d152edd36940c6694a175e0ff1c1001309f978091cc50184e2b4d0e5d76c6a3ce76adff04a95359b712a0c9b4c39aee9fffbe67537b8b808aa8538351bfb55ddd099fafb59dc1bc234a34956b0257c89d697768efe817a4b67290c4cfcb0c8fd5b1f6eb73bd6647d79d101767bc0582d663ab606cfe6c6a3f2f87c893e3324013dba21507b9e0d7f2f47b0660b0ef3a4e6906705ca723d737c20f52b9721dd6b68a72f51e80937f9ec376d6e3f7583bb9afd7b65dc52d339325da573f30f0c4740aa28fb52f7638ab8121b2995ea3ea0f701fe5d575c2013640a307bc2c12ec0f9040ba3159ecf9b55654563682b342bc7f6d51f15a587915d470275dfb32b5b908f67a8932b194a8a7de3aad93560617e9f479131aa65677c0f56f54ac526c5c7556f684d8e7ca8cd0366806bc68088fe9a558bd540384707033e042992adde6783bbadec7e623434c02c9c2374a5a956dee7aad3cd5b1a68a559020a73c5d41f3f89b46fbc77825808440341f43f3d019004860af85afb80e0748c57f6bb4a3373fc5f7c6e8deac5f6270123928cf018e68950670e2cf1f6bfc006bfcdb4bc0a16de4297207d8ec6014d938a9d8bc9e069015252d9958b4a06e16c60404a8e2fd11a04d804659bc1b06144a9ceff307c2a685ca7f51eafe9f5f36faf3def8e30fffdd9f9c0c8fd34e3bedb4d35e6b3b418fd33e93716befe2f1e57705f8ceab008fd58959ff1ebfeb4b5663c6f56878f9f888eb71a0770e7a743851f1c2ab2f7cf6ae1f54ea7b4e65ec2c7ab9725d56c74d7447321c36663cdf377ceb9bff18bffea52f61df34356d2d25b2b5e88b62594009034dd0b15f2a4a056a2dd8b61acf75d0223bcdaec12085cd99d71d67620f59e8d86a99cabcd50291c4deb01776dd514c0048f50d568287d0dcf6c5cc3071b0c59da65cf69b3e458732fb8b3d678b7a65506405bfb2731c9f2566c8da462b0871e3a0278641aedf5aded5b41ce6501025c7723eaff71e651dfdfdf47dfdd9519fe2c36cb4413e273336729b443f657004324423091a92452af4eabbd9ceb0b80744f8f9b92f08d60cce4061068cb1b28617f9e7a5683a50161999533885bbd835999592db7dad6feeaf1c76730fd852e76c1fce9b9727dd9399417b0a5b488ca515a4117180d0c6d14399ea02226c78b8b9dec745ad55011003523436aaa27505ae3cbccbef4fd580163100c4c1346fabea75010a0998076032c02f4d0face5216cde56f0ced472ee22a8c6faf236ce6d0b0035313f8828345e40aab722a20012b95e4c21706f005510188d9b39e97a6dad1b1edb014fc7dc3ba389287055084757c1596e0aa23471315a1863051ac24330779da6501e5b6ce0197980a48362e383882275ab861ecd20eabaa68981072849dfc4d7f5ce0354099043ff27b58460a9c1c4002480146d543d9740e8dc514d14d441510584065348d78cc16a8c3505fe75687968fc0bb0124824427e8809505c1cd56eb0aea3d6bdfa4f8a4654890afaea7cf5f540fba668853f0295177479f6e7fd93eb5ffee7fff0ef4f76c769a79d76da697f27ec043d4efb54fbe18ffef807e0c7f700bcfdd439eb2e766607ac0e1e0074eee89d71b403473b706d078ed62c55e5d30eabbe6f536465c8bc85bc5378e3b5de2d34a074e444d7674d33facdafff36befaebbf8ecbb6a1ee1bb6c4f020a21b01537f492d16024344a17191a9df9e4d23330686f3a10ee2b6692a53d7cf20aa11fe700f4828a5d876a7ef648e901b1785d40f4679739ff93dd8eabeed9b0a9692c6817b5df4f925c204145c29d836b1f366b6c9ead4fab1625ba39eb92387beb823e9edbb3a297eceaa6db166c5c9f5f4632bd0e3fd31b343ca346ec3294ca125eb676e2b734187588ffe60e2bbe052bedecb9dc77e76aea7f904dbd94dc05431c71b00f6bd86e0a3ebd368681086736e46396b8ad7cfcecfcfce7a32436cd3c22264ec1c471f08c0fb0c94e4f6bfd7272bd895fbf2e6fc847a4e20456ac7b58fd6cffcde9eae368fe10c94aceb91b78b5f5bd318777b5e36f4de82f591efc11642a1cfb1f6085d9cc412e1065fe9a24d081a82e0e297104b1b4c09ac98d7d10cdc5d2e17b08512799b145b874a29a81eee04a0d63dee3181455533c2d4bae3c2155ea8620eb8c80522a673d3b2687343dd2cd84b86460fc8d3e39af0ec61e2b0c2380c0cd2ef07c2218cce8cde1b0445bf3b0ecd66d445853e9561a3e008130562a0eba516b75d8d35063100604e1febac1c1db71a5e59230b8fcdcf2e208df30982885fdbfba11d45ce3a51c164a6aed979458c61625a2c24a844e8bda188af6f29039458888a9debbab221dcac812d2eff02a23466ca006a05caac214a73c2403685f3054c80adf6ff6523fc372ee5afe8d957fe1fbefef58b82ebc77ff6effefdc9ee38edb4d34e3bedef8c9da0c769afb4f73ff8f13bbd3efb367efef87d00dffab4f3ef392bf71c8f2e82a3771c47c3e3f58a6b6be170ddb3cc00887b63667a3c75ddeddf0e04c8d8dd13a58f4beff8dd37bf86df7bf36bd82e1ad2e28047ced8921d527f212ef1fbd84176ad03a291ba365fbb86badc0b4df13a7bd84cae4b5c2fa645500a8487a8a1ef16ea4bf5363bba34b32994ce6f2c1372aef40805d92f399c65d3187861102ab059a80adf6793b80309005404c5a80615967921d57b0d9bf132e6f6984453eff47976d0350cc885346f436cdc895c992c19c4c820cbc86033f6d421b8db3f54b660786c5b4d589c80689fcaef80d8bd3ece60c1bd39e5e36375e40fdb55ce20a0a7d2240052f4f7526f4105779c6ba9565e634d28193eb434fc5ed9d8b4066a55e0852c2dadef5c4fa047b5f2b1e5acb0891d417434582b53f96ca73df45df4868319b6d4e72940ce7fe6501e60d6acb9192f4b5f64b651ac5551c43a7d9ef54edce1cf75d3ebb360f036955f1d737b963584fab40e488d3190c7adfeae02acfaf96ecdbeb41f30a778b6ebd4afd631ab60ed03045dd71e31865e4aee52cc6167616ccf2e76dea80fb3335a1815d3108588e0b299102e34bc833d9e6739d75a2085bd3893487fbae0704e75cc36d6d832a8b4ee80898737ba7e942e83ad1f63c8d9f3bb31a64410699161cba6d838cc5a4b9a41c5d63232c608290b8cc899288246b61e0a03cca885c01636538a8aa412012c03b800241adebf1db5cb24f44a62a1b209c6069856d275403fcafa28f41189bc90ede163e1f6dfa46e7f55dacfffeaa77ff26f4fb0e3b4d34e3bedb4bf7376821ea7bdd258e4ddf2f83fdf63e07bc02d88e0f669547fbfd6ff7107dad1f0f2f18ac7a3456cf980325e6dfe343f73dd85cde5ba5b66b197548189960a8419bff16b6fe09ffefed7f1fcd9335c2c356d2d393ded606e50b11756df6a27289f1882cbe51240c90046e6f6aba58c98ea6517d8d90f994d72cf0923b238f1e25bbf88d085ea2a057e5fdf1837275858b06d25edd40320053ee6f634f146925bb689141369e57876ec34f34867a9c9013688c584cf82aaced251dd06051f38d8084574ef71ed6765c56ce918470ad7bc338e007052e3a471e38e6806342640090851d8524a7aa65edf7b47494c901b564281b5cfec8c67d0eb1e1b2af7fb3d4065bd97aa1cce0c868a2d3cc495dd10e3691b1a39d9695f9f61832acc3385aca1252b4059bd93973a6516896b3538bb20b3b65818b499982dd491eb163ae00ebb788897dd8b9b812470e77300276b3ddd5b65192c1060063d568024b7d1baf644fd59466a551b87eb3d57f6c40a8e7839e66750ccb70c6ae47af9b0578042066808b1ac28cae4710da3528b8978a6d4d3890d24cca6e541280ec83000ba58bbca480f6d20e6600d2116ea55a07ab4a7967365cac4ef0468862d0b5d31cc51c0808cd0aa421e5ea37dea632442b81ca4887683b1230670c3ec99503ce491a2bd348b903215195001ddde034f108889a00240c1c11dc282a31d00111aabde065b5818638027873e11540a6a65ec5b55c0a3104a2d066e583a5916052ac5b2d1589f8bcd0ff250b8588fed779b20435d0563bc688a1e30f0118017c4fc612fe5456dc7c73ff9d393d571da69a79d76dadf6d3b418fd39eb4f7fff083773ad15b607ecb8f3db5cb9c5fba9f72e0fc58ef1dad753c1e071e2dbc455fec9f064eb25331811bc989cbcf789579c60167430831d0050f7bc577fed9dbf8c21b5fc06e296733bba314033a68001fa5cccc0d7f69f794b5ee90e47f19cca856de4214fa09fe790eef786a271f80eaf827ea728ed7f7f0996c6c3bf4a823e440754148c10a8c7bb5d6d4e1ef0a42e470104d7b7a3107628b670388700e77781cc41119005006747aefaa7db0bbf601021cd197f4c1926169b6133cb33d4408d51ce75a92164451e7006431f57d4e779bc74d0617564739f7ef0c506dd33d721f8ffe2b53ffafcc01ef83bb7d9518422ba8702f14643d37972db7bd033ceb7d56f642fe99412fbfe75af71534c96d4544388e23045757d6d4caa458591161fbfdf525ca52e7af3666c64665eaf70c70dd5bb7687b7a4dc97ff7ec40b61e6ddc84b111457ad88e11cab1029deab09708f7f0eb0183819947e62abbb6b5169a29de37d9d635711d1f993d2322a0cb65eaaf3c97739badecaaf2b04ff7cb63869951b60aee3d800f2128400200c58046543819c1eb760b446e9176b518004bb4a16c15c771a0a24218d8ad1e00877e8648ca5623824bbd803b8c4de4fa337b004c6b3a6c669518e94d50372d530ec35b4131affb56aa81e103ccf2f617639904abc95089833bdaf188fffeb3ff1757ea06166f40a920d15c41a500e815a0a62c102a0e87601aaac2108d830250c104108f7519a4a1392404e9f21111bf00d1874ce54541f9f8a7ffe6043b4e3bedb4d34efbfb6127e871da93c6b5bc8be3e57799e53beb67ab23e376b3cb9dce17514afcb533aed72b1eaf075a6b9675f45ec2c2fbcf7cd2d1b973fcde0ead241a3aba529e2f5bc5bff8c65bf8c2b3e7aae3b1d5002e06e8a1e2a49ed144c340e6fa77cb78e1f7cfa1097e9e03072a7ee762752b98323343725bafced9562b18d909afcab070a0c5ae130cc7ded3336660461f00b8a05e29c53e07eaa60279b98d23938cefb00b26e685c7cefbb38986933b01575166d50550c0a006ed7b02780cd0c84ebfb33072bb78288f821e0248b15d6165946490213b2a53188ef53168306a6606c9bdd01aab8f8bd7f6db3aac755fdb7384cfe0662c78bf387384ca7074c6fc70a753d2b3235824c61aa0c0920863db4d8816837992192601d2dd689b44ada6f939cd551a202330d2e5da5df47cfdf5c6983980b57b8c0a6fa3697e2f6b536613e472aeec997ccff5ef75edc9f5cc41315c07eb65f7f30cb0d8456ec0a55c6611898c2722829d12e8e7631488df9fed17655f5c2e3aee12e3c6c5289db5e0a114c188496581b5ff0a58e43688baeefb4dd85d6eb315245bfbe4863d13eb1fe6325d1e226530f685d1221a2612f760c1beed20b27095d46795ab6989e4b4d006745558b6140d7d61666cd5805419f78f720b617f6642a4b54eda2939b4c985a9953d32d21eeb35ca5461e928bb95a38fac2d20c12e3be8f9053fe7ff01b936a00a0ad826b9a5dfe5022a8ce2aa1be8fa1d800aa211e2a2884a87a56331a6874f35019820c21f15921778fe6b1fe2f1931724c7c73ffdd3fff3043b4e3bedb4d34efb7b6527e871da5dfb973ffaa31f74e03df4a7c54b3fab05e0218cd63bdad1f0c9f5118fc715cd434b5e0158ac8eceab808f7bd74f7fcbf2d22d8202c1377efb4dfcd66f7e3552d36e750ba77f76d415e830e98ec9a175476a153b2500c5d2a89452e25d14c6464038b58975a17704301ce8ec0cdb055a1e0024c3e109a0c11c4e2f9b00e1f44004644ef64dbbfa362095c108306ab5b325ac6046c9303062b30c16e9e53f8a0aa0a676ea46450739559fc239d822e423813d769f005870dbf691c900263e98ca0c0b79d13a9a8e4835f0a3bb6681015993802a451b4bf59a208ee7b6f3df67e06474172dd744bf58288f822e64808f8a5b4628116cec52b1909234272234499f226c005a9dc3375c00d145677dacaa1e421a52ded60bc031ead66d0c134a4d2007cadd7929d2555bc6043b0ab9f389d062081d0a0b41d271a8a29585aa8a639ac30b8cd093351c22b7ed8db0acfb80c9915d1933f9faa7ee7bcf99775b756034cc23a7417d9a85730f54599f7d0f2c59411f7f54cc210f5fb3101e49e5aca4612dc67788f14220cdd092408a95e111653592c23d8068053b3e4b9b3f55ef712c35662ad7bdeb6e9ea148141c65631630775c6a5a3ba1da1ec5da6d0ac96181604bf7b0b2a436f0ef156df13dbe273c8b91f6ef00c6e9b2f69f664eb93c3cc7cfb9838a82c1442540314f4febe15b0aaa789bb3b1f5c6fa158161346d2f7cc49017e5f9f30f7be317955f7efc937ff31f4eb0e3b4d34e3bedb4bf9776821ea7ddd8fb7ff8c13b44e5db388e27c54b9fdaad5e3fcf2f73dc3a5a635c8f2b1e5bb3d4849f0e5eacf66980c753ce8abfeae55d3961c69b5ffe12bef13b6fe2e1e17287dd31000c22138e33c0a394d9e9f69f0e96f8cefd5606b810747adcee46f76ecc102a9645a64cd4e8ec8412118c220300a864ec87429185e29e234ece2058c21af2ef7abea7e0a4608e64a72d767445266008ec191f6631d25a6e992b036471f0678002bedb0d209e1df5c0b847ee6392e168161abf677351462a0e6051ecfc5e4c376284b4e4fbc3e2e0b398eed8b15fc324325363de4197600a457b18c8e4a98d6fc13e01a444dff938f2b29632cee70ed0b6ea8b88ea62909fa365cfe993d77ecdd74f3bf08065f0e10057f2bdfd9c39ddac814885a76c40f979a5aaa3c73d3d175d012a0b6f72bd09a4f175af7cfefb2a76bb3ae55effd8855fda223bceb9cdfd1e2be8e0f5f7b0906074c9fd4c3d79cc4c6166e97eb9dcd906a340a6fae53525876631b38a860211de66d28a9d0000200049444154e72e71b7f5cad3a746ddca9cee770598c8eec1221a5666ce3e039380328cc9d032136509f1790a405adb24b7d7188f750ad5c96d9d81867bf79dd73c0b4b4a597c22838f36f0b8978f730bc3f1b247398000321d44ea062233c67d5d97288f331d8fc0fef307d4c797aae961df45bd193bd0113c1a108603268173c2454ead30a65e22848f88f142eaf621485e10b78f7ffa276718cb69a79d76da697fbfed043d4ebb31aee5ddde8ff7007c0f72fbc2fd2abb0738f88b68eb8cc7eb159f3c5ed15a43630d2d790ac4588195ec0c3cb51b9bcfcb9f0b770062210ad0b742667cf98d67f85ffee937f1ecf973657818e83133360854c4fecd6128f9c53d3bb83d858e00b871beb35069d6f0f0ccb3e42fc2c901f697ebf1223e28db9e5216c0145eb3966d021b709b71a494125a01b43860b9bc6b184bd68708b0620915c9cfc834f8689bec28a56b3cfedf01024b34623a080a4e30f4f7705ecd11c8ed9c1d9bd541f6e7ba5069b6a9cde516accae7f8eff99c0c58d54a7031c6315e1d9458409ca0e904c9639497b3a06e02bf52dbbaf3430454ca7d94da57c83403469fc533a5c3d947a5789bf898aa405511c9ecb4adfd1ff53117bbec3330501340c32eac4bb05024d3984007a1d8e72393493877046c11965330a769a6a91c231caa43453da7aed670a6e883d1c7eb987dca1c4cd1df1d40ab51d63cce725b3d0570dc632ff8f9de8e39442df781b75538e3bed62ce3ec125a1e1efea33f991935656c12f14c39c61a724d0a22940410b2a4cc32442806463ecb6de8c0aff59fa4b600a0a2aa02a03af3cddae746805345412f974bb0d83268b166e45981ac0c94f8df97a46de2e7e6b56ceaa387871b1066edb3bcbef8fd889c759180121a8054a9c0b65f80ba45a6171103fb629d7471d3018eeab312b82e12e710d1471be1053f7ce9435c7ff682daf5e39ffee97f3cc18ed34e3bedb4d3fe41d8097a9c36d9fb1ffcf89d5eca5bf4b2bfe56af69fc7b233d89971b486c7a3e1f1b8e2da0e55ac7f05e071ef5e9fd78435a38ab0323b8cdf8d2f3c5cf02ffee01bf8c21bcf23a4e556bc545f2c0b15149a77ef7507dafea3f1ead95ac365df0151757fc2706ab2f3b4b248f4730a0758f52b8ad1a37547cf33665029c0529e35256ede81ccec036fd315b0f16bb77d03409a91247de64087efe08f9d7c9976d55796c33de72e3b664423dc45e00de97d4e9a57d1af813a6744140c1022d20c2fa92e0504aa9606d8faca03dadd892222cbac62612491f9c41d20d5ce700d842dd82be620a6768d8c180bf51e80d1d3f5b89f93457b890485eeefa687594ac9c812e3e155e13c0f26492d3a56597a8c3d11c2564becc017dbc5f7909b005dac3df5efc154f0b6d1eb3d130d05300006ca5e8de92fd830c272fcbe621bd3220334cb634101075f372a3c630fc880104738ec999d7b846eb81fafe7a4b4c4ecfdb8f4498c4b9e1c6977ae3515f300a7f2fcc90c11b7ecd48e67200161e33ec01ce6e14e739e4feb9cb977ff1bf084041b366df5656d0ded9a54f6008dbca7648c535fcda667a7ec400e5c502acb28c7d0e950b6584cbda9eefe1c0d2181474ce99a63acab5c63b17be93d24c2b2cac43251c656fee6ca4095e432df29fb3d406b029b3080e815d0cddf791928ce9fe5f65c8f11254d10081e2e1750355d249bff5ef81944370e5a801bba8615d787217c441d2fe48b5ffb108f7ffd82dacf3ffec99f9c612ca79d76da69a7fdc3b213f4386d326eeddd22f25d16f9cef256fc99ec9e33d0b9e3e80d8fd747152fed2a1cf779c18c575d77eb883060e04dbc68b2a016c23ff99d37f1952f7d09fbb661af1bf63b612d33abc30010db0d2e34526be6225d2e17786cb83063dbf7601c10d1b45b7d6fd7d79fbf0208214c891c5630420a6aad68ade9eeaa87dec84ca55f991f6ef925da9fe165bc075a4cc282c9ee3158f27dfd9e7e9e1fdff64d437a1607c2592471bd68e88d1e98fb3ddf5fdfffcdc14ba144da6fe6884241a9f803644e7d8ffb94526feaef8eb5d3d49d6140b123bb38a7980126b8ff521c34d0f65c193a37a147091021ca6519e003d1e8af8ac134e28e104ba4628e688054044ad965748e8cbe5dc132e60100781f5351b64dee98d11f4b6b4899fae3b66d11d7915736999719d802fcea3276f7b36359b77a0300acfd1863268d9f823add2797f75e08ca6df9c64efb3dcb737e0506d7908bd541ce6d36975da6b65ee7bb5ee3f7a2bbf7cad7aed78394d9e3e5b81756f3aa309da78e0dbac76d19e259066a00c3f777d065ed1b4eed018c7a4f008e20744c9ca5326972dc6987e96f91108a7606d81a6e740f0cb9edb35cd7a16344a4df23d3f82203da338264807b8daf6a896320f908bdbcc01b6f7c88de5ed0cb9f7ffc937ffd6f4fb0e3b4d34e3bedb47f9076821ea785fdf0477ff40330de63ee6f039f8f61915f1afd05b01d1dd76bc7cbeb81a377f4bf2190929f75efef9b9ffa87bde56af97ee7ab5fc5effdd66fe1e172c1562b366378843e45517dd152ccc10cfd875126ffc39d16777cafd76b08a2aef4ea1c0ab23a07f798196b6ad55a2bc0b36ec40da5bd24e72d95710dbfc8a04b0622b213e6e12e7997bbb5160eba3f3fdf7b84720c6abcefec6747a6d61ab1efba897cab5991cb978fe5b1b1d66975d2f3180a40604d599b98020eaaaca0cd0d0024624c030029ecc9ebe9bbf777f510dc59b2f08095a5137d998ccce959c78d8d8c0462dc019c30c6a9ba7a12404b0e57caa156f79cb6fcd9049e59068d7ba0cd3a3ea6b1670eedaa89b2de63d463b4551edbb8ebe0c3c2806e813411b91b92b53aa6fe792ec7533ff3fdd6b1aa43db758406fb4490b45618a1f7729355a8a6b2c968ab155474cd9a38f5062ce946b79986d69363349741dde991dd2787d4adf5cd733d87c429c0b78ca74a1166348121da6228542275b68866a6a918cc8c3c9ef67d0b70f81ec8203280b975ac6afd353b4a5ef3d6fe6fc2280274115432f61941c37dbcbdbcecb91f6a06396529d7603a11292beb61bfa01665bf8d76d590d0520a3a5407a7b3287417b8917c44545ec8c3173fa47e7d41edfaf14ffef5a9d971da69a79d76da3f6c3b418fd30068588b80be2ded93ef03f8d6e7013cb205e0d13aae4dc35a8e76a0f1adb0dca7dde7de6eea7ace9da3fa4f54484e5f707547ee2b5f7c036ffffeefe1d9659f854b2ba168c8740231928069da851b612d29ac02b3b3ba3a1c0e146467298b93ae00c3beefd3cb7bc4eed779f7373b6e22ba7329e690af1a16ebf3ef39f5abfe480638d6fab9f3e3cf5e9dfc7b60033053dca9940072d65dd55cfe1584c9fdbe320f561024ef4abba3efed9f29ed0e5478ea61ff2c871fdc8c47db545ecb7f2f7c29d72d1c5ba3a5db00f2bdda347e46788283045359dc931252cd100cc64d0608221c818a43350162b8e5fbde9d77be29ef0ea367f429e6f8198295db602b497414bebb6f3713a0160a872de6516aab697c7b1c84564acb0975c6d7f6f573bcd8de55fa39504a0adff139432af6299c426600ec750bb641ddf6ff9fbd77e9d525b9b2c35644e6f79dfba807ebc5571559ddcd26c5b6640b764b3634f5d4f048f0c00303fd033430207ba089ff80271e7862c103cd3c106403f6c82da0011b122435644b0d41b6d086045324c51645b2ea56dd7bcff9f211e141e4ce5cb9be1d794e15af54306eacc2adef95198f1d917972add87bc7da0e6b2b7246d79d4ab95db4a12414d120c6b88454016537a10e65979a84d3a987ed4e63f3a294df61154c96eb1a8bd0b47390c84bce182c3b7de07a079b35a96cde42b8789e1c8984219e76395036a25e2a5fce5c93d5f2b725516a5ae6328010766585be9ccb5e13a51da584ae3b01cbee40fd221ad8b5b5130191d065ce6713c89ba47819e5bc4d889c973c4d58f200e5848065abee88655bf1229e6129eb71bc29e305202ff9636258c2d692cda145fcc819084594b0790616d99639b9eea8b5fc8de962407f2af3690ecb4e54212064bb8f6079bf78f521ffa394c38fd1773f096f7df39fe2b35ffd284c774dec68686868686858d0448f060025ac25e4bc242ffd7265e8cada94660cd38ccb30e032162f8f870a1e5ad6d1ef8a423816b1c356df520252c2db4f1ee1cf7eff7b78e3c9637494b4b4ef7bc4109795d6b8e6f058f375ac1e1f25869c49e14a2ac246aaedfb94126e6e6ed6cfba82cfabc3768cfdb304779e90c0e5b370a2eee5c0b6b2cd84d65ba15592bb5b61df11a78d14af649c56ea79270cee0f97b391f87d12535e59b7e3ac1cb395892cd676deca57db6cff74c59ec58eabd01e3ade7ef3124fae24d4e2edb1ad6ad74419b39fe7a56364762d9bea41dec27222d9ab7cdec26612d577251865b6cfd6474b84eb793b78e0f10eababcef27d472138264ad0d6a701a1e4b90925ec68a3cad80b2a4b33af125146bf6d99c273f45ae1b1dac0a4fe7a357fcd964be0649d85b973881e8b2d4b9db4ad70583cbcf81ab4715dc59022539210c60ac376deba5b4e5704a6b5bcb4bf4601f6eef1ed055c87daf0f957e785bc1b5f200139ace2898a256b925e6c62a75d7bd942b1b0e4b348fbebd244d12256ecfba0edab89363b71713b7b9b93cbfce56b7b3dd6f6e25d952da7ee9076734beda7edb4b9b62a62d42dbdefc4c5cd30d21eb3769164bb9f66fc7d003fca21fe5188f9c7299e7f126f5ffee4f7ffbb16c6d2d0d0d0d0d0c068a247037eef2ffde51fcea1ff38cf771f7fd932f821af081e2579e9300cb81b060c63495ecac7feba75557fb37a56c1a3aca4de9c3afca9dff80ede7efa14a7d309a7feb4091e92c7434508733b5e1360a24eb04308ab3bb67a0830c1d050012b87c9aa8676581fad6ef5ba302f054d14b9cb8b818de870995c978da39753c0f3a27045206a173fc89b98e31132db39c68e6511c5ab5b45246ea31706c2048877d751b27ce4b1524e58c6c77242602f467961119cc05661736515329c796165c41831679a5724668400774cb8ed4a4ebd1d2e586cd2b1df79eb081964218ae720bfa7815af32fe454bc068cf0af5e1f4efd4a2c6d4eb1ddb8cfda6f83278ef07ce7fe78f5e6bcbf56af7239f03cc5ec5ec3017115314ac7c32608adde4358c5901002625ebc6bc2fe5e983276ede13e5e87436df78518e32660a07881c470dad941afe95dbf42b7e51ba26ba08c654687bc86c5f0bcd47b418a25f16edf9fa95e20e5195d3c5d5d4b1ca6b486da84cd8da36ca91cafc6bc086b33ba4e3df2ba653be7c57ea1083a1c2ea3f7e9398d3bb1ad267e28f4fec473b7dcc763f1fcb1e4becbfcb0e4ad19f9ef9f107e3475e10f43ca3f0a71fea3dfffab6d27968686868686861a9ae8d180d4c53f8b74f7ef07e0cff116a90f1527f8387b089da619e330e36e1c304ed32ebce0beb2940c3fa41dfb95b5650dd91e5273420cc0c71f7c800fdef91aba538faeb7fc1d7b718309768c961014eb2e1996e0534591d2bf12ea314d136e6e6e562f0f5d75e5738de403d742848595d8f7eb56b242fa5958b1f3d82e3917ef1323185617b01141fb9d1fbcd9ae6c9739cdc869bf25a6bd72a888ae6aab8dd7956b79f0f776b1e0fe5a194ae4554cf0841157c0c05e6052f182cfe3fed2c9ebee2dbc85288f1d8b053cf69cbc54c79fedcf1e2a2194c4a3c5605885879cf3ea01d2c56e2fc4ac6585e22120738009bebd765d07db1da554002c0a4b09e788c513ca13586c571eb5f74e48432923e7121e63f93a8cf0178267e100dbbcb21e952d4a974fddb68532681ad836a63c076c8eb210b39bf76bdda5cf3967c4253c23a324bfb5dd5d10aec52cfbbecced22e6cc799f03634d469c4a385ad94da7783484a5bf2174642b5bee0f4879420ccb9feeb0e561c9d1ec6c7352f3eb64acc6312e1dc3bacd31d66b69f13959da643bfe601b7a6413dd56a18645296c7994ac7dc1e69479b29482ca56c8e6b550e6addd42620c98d3842e9c96cf7d998b7949266df370b9179ccfa7b263d17acfd82764b6324b7d25bfc89c122cf92f32901791212d612a6b9aa1c5d3c442c4d212fe14e2f608c5f760fefba94213dfd378eb6f1683bace3cb5e43e85f8f791f1a37c7ef487f330fe2860fca3dfffef9bd8d1d0d0d0d0d0701f9ae8f19ae33ffbcfff8bff10c05fc08c1ffc7afe174be6fc949052c6b4e4f1b88ccb6e2df714fed015b2a3f3caae1bd99ecacb6f7342ce091f7df01e7eebc36fe1d1f98c737f42dff54bf2d288183bc46e0967b1874fdb1136ecc96ec01666a0a43984e25d82bc8517f0c3ac923e1559802d144549b6ad66b2a860a8855e2891b7fa384f050b054ad0bd308db58df430aeab9f0aed1b7fa70286869ae8799badb7df4cf45101c58e9dd2bc6bab7acfb0e8c004deda7595145448fcf2e5da7e0d2b59c73e2c1ef34b5d260c78735e8520f5388974de1a5a123742e98986ebd8db16ae0be9f5e6c9a23a2ce7dbca37095bd4b69a1864f3883d0634674869efb54dcbfc32821e50c231b08605e49c917bca87c311073c2edde68963111245cc81690845c0e0f1651189bad40512ebb08df384b09169f6a2890171dd6eb95febb685fb62830463d65dc844d2af3d56f2128ad1813c14c8fedd9a2873f1a03959fe0ab1e76e5e14921fbbe21561447cf55a897bcfa1ede440e352848f2214456498c00d84c049711731077109dddacff90e4b4e94c58b25e480d0eb23ca968385efa726d876e07b455845ab6dabe5bdf019e3a97874086a7f7fbae5b77e9d639d7bdcd5fda102153cecbe136340dff58b57572e612ca1881d611e7f14a6a96d3bdbd0d0d0d0d0f005d0448fd718bff797ffca0f67847f1797ebe4a50f151df4f894138669c2dd30e0328c18a76db796a33279f5eb21f5786d2d8203b964e78c9433de7bf3297ee737bf8b274f1eafdbc76e2114cb2b091ee5211debea65b00fa5a16b7baf5e3390e6198f1f3d5a57cfd75d0b16e2705a0885e751e18915c0b6f2cee7f06f96d893571a6b02838a2f4cd2c7715c89b1ee02b29294642bbed7a1294c6a77e7ca83fd1509a7366a1e10ced7c1fd521183fba404fa7c3e23cf5b3ddc76b5b5b6d1dae9d94fc70cc06ee556fbc3a287d756ed8ff557f3be78c2970a443a36dc97d57321a575e794ebb9b866dbdc893e468a393f85e7a1626d622f082fdf0cdb93cbe0314f8bd745e4eb1058b7180d2120cffb901d1da7aeeb308bb7485808744404961c0fe6e1c063a436e7b6e79c71ea7b0b3900c24682772292d923a755144d29a15bbc1742289e19e691c37343e7072729b544adc026d684101052420edbf6da56068fe5959041fdd3ef353487edb07d772dd8b09d4c24d84492fd3c5ec772d181425ec69eae4715ccec7bf63ae37e71bb4ca0d85db73075fbfa6f0adf1776821c8dc72a024a3fbdeb9afba1b6dbfeee6cbb76c5ae0342f84731e73f4ee7f31f86792e62c75f6d62474343434343c31745133d5e63a469fab331e7bf9032fe03381ce9a12b55f69a52c294128671c2308c18e60929cdb8a78807d771d8b665f534d983702a494c9fdc9cf06ffdd6c778fcb8242eede3b635edea65118b7b7d0c16ce12b6c4a5cb0ae54aa424a7c7eee17a59a5bb5c2e389d4e389fcfbbdf7bca21a10fd1d61623b84a9c9934aae0a22ed24ab6d866f650cd6d30586e137e90e75d438ce8a69c8af881bd678a864778c42d8480711c77e1261acec2393a98246bdb3cb14209f5f2660d71b01d5998d4b04863e56a8e08ee872790a868c1bfafe308dbe561efb5c2d7906e5dab04beecf2715adf73393ad6dbbc2cde492b395bbc9b2c2f88c2b68235d78818cbc590532a444c48392791d4b967a21a7be3a8b0c46dd7509194124eb1036082415eaf93b08895581c53d44b8ac7c6eab75d6cd8dbc2d2a9c618570f17156774d721b57709a5485b28888cc5da2f44c48e3c81808d9387bc7926d07cdeec1b00ecdb9472697d8c7127fc74dd0988db751b17b13584b213d5da5f5cdf07ec3b15470216d1b3bb0e3953ac02cb12fe14432cd255c84be2df8c807e0d430c5c97ede69380887db2e160f300fbeb8fe792171ea77f2f561b2f9e293c4f744eea39ea856561835acf91f8a87393c5e74d94effe61e84eff5bc2f477c2949ad8d1d0d0d0d0d0f06ba0891eaf297eef2ffde51fce191f23a78f3dc1037898b78711909c33a639611ce612d6328d98a60929df5fce7de28af7c0aaef739e5737ee9c1390324e5dc49fface8778e7cdb770b384b4b0978791ab7597966862c7b5cbb112695dc9041612d545dcdcdce072b9e0d1a347ebaa9dd5e5115b0ecdd004a4005cb18305122646fc5e6dc46204132b13336afd5311232222f47b818657fe93e5517008a2790ab05d2df9aaf59ff3bf70989095ad61279ca451bd3ee6792ebb6ed08a3793746e1f7fcfef355c856daafd5311840958c4e6f1a07307d8af56b3870bef56c32bee9c6c94eb5ec7b7a3ad7a01c4251c242c84bf5be6bd8e3b8fe56aa71830e5b2bd6c4e5be255ce49726407cfabc513f7342f421987e578740814c7b223dccb796c1315ef56bb8585545b3dab15b00864d7edd36b4861397d6a2280e6b1f1bc00ac4d5cdf7e4beb00f65658fb624d272fb2f27bf13eebba1e085b680df25e5459dc5e8ab025e3114228dbf5da35d6efaf09b5398f9db5a3ef9731cd5845bf4cb96156cd67bd968adf4cb966c9deb64d6dde8b6626c218b80fda26ffefcc7edb70ef382d93c759f305f1398c9d10499f35a7d3f237ea8ff3d77ff877bf37a4fff9bffd2fffca1f388d6e686868686868f80268a2c76b8a14d24748e97b19f873c0970f6731cc29619c660ce380cb30609c6624e0cbee7efbc590d21ad6821cca6e2d79c66f7cf31bf8f0eb1fe074de7669610f0f5ec5df425aae458e42f47dcf0985d9e5743a218470b5bdaa9dc78929ed3b26e116b2a2abd65c06afa25b5b74970c2b830505252dda462f9c84dde23d61c1840c8492fb20c60850a80cd7adf6f5c27db40d468879b707153954b03142565bedd5555bef38153cae88aacc075e75e6b6731dbac5b06ea9c973d3b3171fc3e3c2b69ce7b9782e7565678df2fbb652ceedd8092534afd46ba28f8bc748b8de818345376b8f8e955e532a9678a1496a032fd9ae818fd79d93745ef0dc5631cbb3bb7a1579e3b58a5b746dd5c28d589cd0e38edaa263a2dbe0729bd736469ae7193b9181fb55429d8ae890915741cbc2663444c8ebbfd7efb5cd242eed3c5ce087dae494f7b956a2ff778a77b3d53ad9c6d6875dc89988255e393a7faf0441673ee8dcd67b0dcf93b0c40e9a0750dff7885dfcf19ffff6d7fee17ff49f36c1a3a1a1a1a1a1e155a0891eaf2932f018018f7f5d55c21eeea669c6308db81d060cd3b484993c4c4cf11e1cf9377ebdfa2d17cf0e6b474e0939257ce3adb7f0db1f7d889b9b9b756bda7d2e8fcd83602351a55c2567fc287e287c846d65799ee795f4ad793d8894f2ee16560e87a9708887ae08da76b8fb9d19f6c7b2db35bb6c2bc1b6eff5015dcb341b59688ab581850760d9dd205ee7eeb032ed7b261e4a8e2d0445fbc376518f166f8b593edf5b85e57ea93d3c42c46496edc6f39745222ed7041b8686d170fdece9e1116a2e57434dd63159666e177dd2c6a207dbca7276987df837fecec6a236263c3f4cc463bb01d8798af018f218f177bae38a37162a66ea38b240a37db3fa981cab68a5896d3d61d29b7f7cac89323af754c8d2b9a48218b7bb2ac660132d6d7b638ff807b2eb9c3791a4ec62b5845ec4ae2ab4d58480d5e689c5c080346f0971f7bb312dc24d275e5574dbb232e7795e458f2bb107d75e726c2ffb9daf5def9af6440cb6bd6ecfcc76e1fa542cf1aead35f43276bf7affe9e95768686868686868782568a2c7eb8a1c1e01f9917dac890eeea9f4e09673c634cf18a71997cb05c330629ed3965be3017848dd1e7940cec869de0b1e73c23b4f9fe0dff9c1f770beb9295bd3f69b6787ae1287988190d62d69d7dfb1b8bde7baf707b70b58420662c4308dbb7c1e1cb66075e8aa9fd6c10fd5767c42461fbb9d2002ec450fa084d8e45c967499a45ab9deea7c6d6798da38700e121633fa58ca64ef8f100212b2901e9fc86bc806d7c9c444c35cd87e4a6a989458bd1ec1610126e7bc2332bcddaf92462fa4a82b490881bc799bd43c73b4bd26fcf0dcb0f6585b341c09a1787098fd97e086d2bf004444244988aaa45985914dc82a791622169b9593d72d65557061b058a1a2938a3a7cfcee3d6f2bbd14cf9e5080e54bd90b5eb18bbbf63111b5f2553ce071377babd8c561469e10a5a20c8b7f5efd9e58c1d7815e13734ecbb51d11b1170657124f5a4acc0137a7f3ee9ec075693b4308e8979d6a12ae8599ae23510a01c11220d9182120cdf3b26d328d6358b652b6ebbedfdb4d8512db4d06ce7dd1de9be867652690ed532aa13d322ea18babd66f5b3bebf8d9b86ef94c361f9524a28ee61059ed64f966b87f29adfde1f7fcb721c688eed4799bca343434343434347c4934d1e3b5c58c5dbcf49740ce19e35c3c3cee2e175c8611c33462ce9b97c7171153bcf20fdfd31684391552fdf4d1193ffc8defe0e9d327b8399d70ea4fe862ddc323c68aa8b13ce6f2f70f4300afbe33e1d23af4c1dadeaf2585b02646d4d56f5e61bdb2cbb20b44df6d620bd7095c6f351a42583d389444711b355c44e3d98d802829cf73ba126b8ce0ab970693670d03b0bad8be4cd4af462384554060bbb1cdd80e4a6099d0737f346cc20b639973da8512a8670ef7d53c3b765e33499238527fd5bb20874558b0ebceeab5c4bc00bab8cfbfa1f352afd3b5afa15b9365024b5482b44393edae496f9d300e4f24e2b15171c972a14cd3848e0489bd1747c999c26362a921b89fb59012bd9e9864eb3d80dbe97939b0b8e1098e06ad8faf213b97e7df7acfc0d6ee045f288a6b42d56284fbfaa36dd2f9e5dd431809b41d31c29a0cb7ec4cd3a178e3edefa73a0fad7e9d573c6edc0615ed00202e425c0690435cefe1569fb5092c76613fdff87a5e93efaef328a2e461bdf6d8a8fd9de3fe649e5f242cf27558bc3d4e084df5686868686868786568a2c76b8c65116d795f1726bc075dcbd530cd138671c2651c304ce322763cb4febd2bf8119408e65d1e8f5cf27a20e337bff90d7cf0ce3b3877fb1c1e5d17d075611539368259495a2a0fe8fade6b9f957b3a9d70b95c761e1ee691c0a121b6452c13687b80f6f211188531db6928879d6fabe03b024e1e195ebb8dec707804208938a94cb31f7b4278c71e8db1d5619e18d66f25f946a2772baf0784cc23b43c7f3937888678709b948473d9dc276def4a5e43dc1171ab97bd4dac4c26b55616db980504b6c1344d4b1f967665204b1d734e3b2f086daf416db00a243194ad3da96d9e370e7fe6101a25fb9a8382ebf2ecc0ff5858d99751440fee4b0690f3be9d6c73bd9e995c6b1b78bcb85d7a8df2f776ddf14500987f0000200049444154b5c06d67c190dba1d0ebcacef13c45d6f947495543dc0ba66c07858a981c1ec2f38eed5cbc2a364fa858dc49767dca793f5774feb010cd82c62a3a846bef2af73eccc982e59ebd7a07950377f65a1a892021733bd87ca3beeffb48f320db56cb256c32d3ef31442c7f60d6bedb79760fee4287d07d11b1bda1a1a1a1a1a1e1084df4788d1168c5eafa373ff9a33db8dbeaf4304c8b87c7842967cc746c6d5550bfbbef98ebe36760219379690b90f0edf7be868f3ffc26ce37e7dd4e2de679519e7417d7f4b0b988af846a21aa2678581fcc589e6060af29a595644d43096f31977e257996c7e0e6e66617f7cd8446935d5a62540ebfb0ad48b51dba0b880a2bc09e8033094bab3daf45043b8fdb657533b9f55665adfdbc92eb11491572b87cb5bd126716056a2bd5ea4da22bf176bcd950ebd544b07a9dec425728ff011fa7b924340928f7c78ef3c83f80358c6a1ddb8095b8d9f95dd8b7958535b521d771b5ca4ef63432aa9e19fcba4baa2a1e16c075c890ce051e2febab7a02ac4492048fb5ce5056d6d73a622ca13a72ac95c5d7e9da5ee4ed7e106cbbd7cddb42dbc85e2e3c8f2cfcc66cabe2175f13063b8eedc37355e7a12760b17d6bd79c779fe67b822750855044586bd1a9eb57123fa719dd22c0f1f13c6e7a4fd4b97e756d23a30bd7f962aeca2fdfaca158c0769f5241c7c4216b3787b9c418d75019a078aa85b81772edf840e7ef4429b33b80653f75f02e3900562f261ee31822ba1810c2b5e75a434343434343c39743133d5e5b94d5617de0d587efdaeb9c1286296118c76db796f4f03c1e353041f57e439acbf363da929722257cf0d65bf833dffb2d9ccf679cfa7e153dd6d5d0b8ad9c03fb78faf51ff6c46f33cabe6d5782889d8322a20025e78081eb64d266e7a96d99140158137b3221f676fc30ef1bfecd840c5eade5555415219894d94338272d65a2c579403c714cedc46443c341ac2dbaaacd7391c74c6dcbbf7b1e304ca6b87eb6bb7a60689bb90e4f10349b581d3a5fd44b83eb667b3231f456b43521acf697e79b8e059fc336e1b9a53653fb2929e57ea94707bfea78b1adb84e6d838a62d60f6f9cd8062ade64e4958ceb5c64ec7e0b71ddc276b55f2ee570db55bcd1be7421ac2280117025fb5e9ff9fad57eaa0d3ca83075ed21e3d7ade36de7aa9dd673165127a59257268450b6a545c927c36de7baf49ae37eeefa81922f09c0d53564df9532977b307972d8abe600d2b1bb0e6f22b745f292bb6a9b733fb89ec7400afbdd68e2127ee3797a842ea27b408ea58686868686868687a1891e0d3b3c44b4482995dd5ac671f5f298f3c3050f8f043fac5d69adbfbcc9c09cf0e6d347f89ddffc0e1e3f7e8c53dfa35bbd3c02e212d262ff42c888a18317d6c26db3f7ebe780dd0a311fa364dff20d7804cecbf2cf0fcd9c2b805dbb57821517f2b47879a494d6efac7cf678d07001e07a659a0974ce65155f779251a142cb535bd43c42bc31570184c7c48ee7b006b38f178aa036d5fe6af935d2c8048c85a05a2e0a8fd069196c1bb3b7971bc42b9fedcea286e719e3f595fbc4a4d113a7b4feda676daf92be1a099c25a1aa57bf8a5dda17ee8fbdafb56bb59785f8c4ed7af2b61f55e1a4140ae46421447b8143f37ae818daf93572ec8de14e3011d148e7350b85bb2a9d7e1c89249e58c85e419e07d7f261b7f38b8a03da6f9d435a97f5697f4fd8bc79d87bc82b2784801c51721b856b11aab66b91de4f384c876ffd9e0df53a53b12984b27d7400b0380fedf28d583b57e136845da84d434343434343c3af87267a34b864a74604534a18e78ccb38e16eb8e06e1c30cea9fa20cd65e94361ad2d5a56ce65c52da384b3008bf09133fa3ee287dff9085f7bfb6d9c4e279cba1e5ddcb684ed62bf3c506ee58748f1f0280fd3ece5e1d924205c3d58bba44e56d56d4bc573bfedc6e1ad326ba801130013522c2ebc8b113914976b006b923d5da155db87b0f71e30f2c0c286123f03136d6ff5d723f59c372384b0dbb6946da602892668657b723e0e6d8b47b25834e03254185a4341c43e00d610839ac7028b466a239d335cc6e974da6dd7eb89066a839a30c024cbf3f060fb9b071493321522546cd2f1565b7338d0d1f801fb2d6eb99f2af8713ff918cf9382c163aed797e729a2c2057b18edc660f1f8e884bc73a80f9feb91f32391c9daad613f66632e8bef1f6cb323314dfb73243ceab12c82ba7d906b8e6da0e770bd2a14d9393ac62547c7b5f7118b5786944af25bdbf58785666e838a692cfc6afd732691356fc24bcddb2d8470b5f5f63a3f90d744af5cbffd33d17c15f71b1a1a1a1a1a1a7e6d34d1e3b545d9bde548ac30d883a53d144ed38461187019064c53dafdeec17bb8e7b2f955bfdf7db6ef7246581e4e3ffec637f18df7de45df9f705a3c14788bd0ed754f820d9a13a3f6ea1150ef41de6c64392c4ea75389e72742e91137264ec0f6a06e0fd5c330e0e6e666153ed2bc111b5e79d41c12c09ed030c9e69c1e9a70d123664a36ac0c261c4cbe3d9145e782113416327495deea628f139d431ea9d371b1f6f0f1d676b391925efbcdeb1fcf5116083c6f0d1659acfd968494578675855bcf6342cb64d6e68cce4b9e939ceb85439678be1df541c50926dedc079e47ea99a31e2b4a146dfc6be20627e3b57e79d7b512700d07abd5ad9f6b2281175ec676609150dbcfe778d7a8e6abd09c14479e06dc576f0cb95e16875414d0f1e67af59ea076b4571d2b7b55e1ccb3a5571ef787af012b8befa55c7ead9dfc99c741af6d00e82dbf4608abd7876e37edb553dbacdf717f77f7beb017481b1a1a1a1a1a1a7e3d34d1e335c603f48eddc35f4a09e334e3320cb81b070cd384948fbd3c6a65d5c8847fe25c3c3d72deeddaf2d17befe2fbdff910e7f309a77e4b5a6aff74559089ccf6705a27f7fcde23d45e1f785b56abebd46d2bdbba1b81ae7a2a91f4440cc460913e3bf182ebe4877926f05c37bbc5ebcaba3756f33caf4958b98fda76ae47ed65c7589dbcba6e75a8b7808ea192344fa4f2c8994704d9db85575795587a7df6ea53921be3b69b8e7a303029ac894b5697895f76bece4b4df0e9d99c6dcff354c749c32538d1aa9ee7113e2690560e13521b7b5d21d79577164bbcb160114bfba876545b78b6aed94ac31e6ae201bfd73215de7cf4bc875488f148bbd981c74aedceb6ac8592d5dae5ed506375a88d3d31868518af2efd6cb6e03e9a2050fb1be28d7bad0efe8dbd298ec6d7cbc553bba7e878d7c419b5278f458871d991aca1a1a1a1a1a1e155a0891e0d57f01e60534a98e684719c7019060ce38829cd7888dce1891a4aac2b671661c662e873492298e784f7df7e8adff9dec778f2f811fa35aca55b1f8e0b015bb6a8a56d6a4358e2a54340c8cbc25dd8bbeeb31d4208bbacfe1e81e1ef2d3cc3048ba5b3c8b84e72c9e7851070b95c707373b3dbb1c11eb6cfe7339b65f790dff7fd8eb85b3b78e59009a5ae48b33bbd122d161fd4951bd884100d5df148ac7dbf23b45d5c43873c326b6de75d6b9494303161c124847015b6a163a5edd36487da1f1d7ff57ab063f93726701e91d7ba3d02c7f53319677be9f156b717baf1109268c7dbf9b53a787ed57e67e838da772cea78229e0a541e99e563f53ee6cd71af8d5e5fbcb6f298d66cab0252adef6a1fc3511fbdcf9eb0e081dbeaed50541336d4f348edebd941efab9e80749dc3e35aa8625152c136573b7ae36ec7f3f8b0ddb86eb39796a3f6f1442a1d03af5f5a5f8c65abebd43c3d1a1a1a1a1a1a5e199ae8d1b0033fc0f1bf79096bb91b075cc611d39c9073d83dd03fa44cef7bfd6d57664ec88b37494e09794e787273c2f73ffa104f1e3f45ecbb2278d0d6b41b19895782470801eb7f61ff8fdbb47b502d594caf12997a0fda2c3a9818f0e8d1a32bf2610fdc2670c4184bf88a439a749591fba3393098e4abb7849569c4711cc7351cc8dac4611f3a264c78ac4c3bd78b9baf3dec9b37470801c8d87d663260ed50a1850913dbc6231c1c2ea1e0700f3b9eeda78289b7e2af24db23c43c161e7162ef1225985aa6da95fbac6df3441d86672f258621ecc32db8ad3c163acede98db7bb5a3478cb56cf610f1c835c3f3fe50b0a056fbcd3bcf23c15ab7278479f5e8ee49ea8561f5d56caaaf7add72797a9fe3733c0142a142878a465cbf9ea76d67fbde672315efd4e60f11226af3c56b9bbd3ff29ce2f7ea217724f0e8f9f659af37fbdbd5a1797a343434343434bc2a34d1a3610725f12967a479c6384eb81b47dc5d16d1237db9b096fb7edbc40e2c612c4b3da9e4f4e863c4f7befd2d7cf0eebb38f511e7be5f89bb115cdbb1a5081bb87ae8af091e862b3213d6ff5589903db45a723b1334cee7f3fa3baffc7b2bd9fc703e8ee3eadd612bdcec51e1ade46b4e0825c42cb41899adb9eef35828b967e803bb7a89a8f8c26d3002cb1e24ba652dd76fe72be9b7636a2498bd50d4f341fbe9e57ef0c89c9da7de2d3a1f789c78be705f6aa28447268f88988a331ef9f7c40daf1f4a48b93d5c5f6d6c3c81b3b60aeebdd7fe6bdbbc50076e378fb1b64fc527effaf7c8aa5796da928ff5840c2fd929dbc39b67de38d4be67c18bef33fcbb372f3c4141c7e0211e30de7735e1c93b56dba2f7ba5a795e3b3c9b79e3e4b557ef3dde7cb63abcf3b54d9ef78b57cf6ae30834cda3a1a1a1a1a1e1d5a1891eaf314238ceeb9173111a2c97c7ede582cb38202ddf6fe55c3f147e19ec4868ceb0a7be9c32908ac7c76f7df82d7cfcad6fe0bc84b4f4ece5d195c4a431949089685e1e570247289d2f8e06abff861230b294b3592d76c785104a59cb43fbe572c1e3c78f57c182f32270a24126455e5246f510f0bc01bc90005dedf5c20178a596cbab797bd8d878a49edbcb6de10779b6a9e613513b1d11098fcc78448949a7071e038fd468fe8afb567df57c4f3c50ef0d3dde135cd873c7beaf9154f5eee163bcb15a6d858c94d3b6adabcc13af3f1ec1f36ce2cdbf235b79c7f3fca8ad9ab3b70dcf236f7ef3e7fb04106f9eab00e0115c15bc5470e0be7b751f793e78d7835e5fda8fdaeb8e6c533d9e68c47df10404b58727947aede757ef78b5b1967524dc7975d4e6ad8eb3f69505c823f1f148dc7bc89844a085b7343434343434bc4234d1e3b54507a0be326b0f78734e18a684cb386018464c730975e1e3be2c8ecf4d48c8c09c56c1e31b5f7b0b7feabb1fe17473831379786cbbb588174774bc3ce4015a1fa36ba4baf6c0cae7d837e74737b8b9b94108254fc7a3478fae44048f4c592e9010c29a30d4422c78778dd542295d09134a1e3c72acc924ed1ccf353f846d97117dd8f7489d2772280152626fc7d88e37f33cef441bcfee2c90595b7425d8fbc7db4c6a7fbcb1f6c8199365de0d47e1793670b94a808f3c2174eb539d7f1a22c4449a57fd355468577fd87bc3e82e31da57ef3a01ae7710f248ab127f150df895c7d7134774271a05b7978f6311a546a8b56f9ef0c3c7ebb5c1bfd58447eeab579ff7de8e5721cc13746af6e2f36b7dd2dfb8bdde5878edf4ecace35db3198f9d27227ad79e2780788230977b647bbd3ebd6b5aeda3612f5e395e5f6d9e84d0b5f0968686868686865788eba5a486d70afad0c7dfa5b4242e1d07dc5d064cf35cbc3c2ae7f1f9fcde23145e7d56278cfccfa9ecd6828cb79f3ec60f7fe3bb389dcf3893d8c1dbd302fbd5de9ad0111110f2f20a7ed0f457de0c3562c4fd9de719e330e2e5cb974829ade12d6c0b16382cd781ae4002db6e19ab5d96e3c671dc91617da8662143bf37d48825e7d0b031e104ac6c633e56773d6111c28896f5db1bf7ddf84b1b35be5ec9328f3ff745dba17351050d1b13fec7f6639bb26dbc39a763ca82968a06fa6a7db673d45ede6e339e4d784cd9a631c6abdd8db80c1e476e8f12636b83274e78849ec743cfb163757ef0ab86a558199e4712f743c7427fd3ebdddac71e36fa9b96adf6d3b95913d6bc7b8fd717be96d8669a8fc73b87db637356dbc93662e87d44fbefcd67bd0e740b7105dbf6e86f858ea55ed35c8e57be67db5a7fb8af6a47fecebb1f79f5ab07dbb5c8210271133c1a1a1a1a1a1a5e299aa747c30e4cf8c6396118265c388f87ecd7e23d48d6485dad3efab4cbe3915369c74ddfe1fbdff9106fbff526faf3095dbf85b5f08369096f591e42033dd087129e52fec9437d2cdfe6b0ffadf6f05d2389e58bf272ea7bdcdcdc00d8129ab22df841970991bd1ac9f2b694cd39e3743aad557ae4b1160260bbbce80e27d64e2b5f43429864e8aa2d136a25884a96b89d4c02bc55620eedb0f7bad3426d9c946cb3ad9498f178681f745c747c5404d16b81898d0a51bc02eed995eb332f0fcdd3a076d4b678a12e768cb7638f275ce958aacd95147bbfeb18d5442c2d4345292e8fe7ab927625c3da269d0f7abe0a3047645dc506af3f7c0cd7a1a29e37d7b8edf77944dc772f3e121c8eee77b56b4ce7cf51199a8cb906ef1aaacd13abd7b355addf9e378a8a17f7e1217de0fa75ee6afd5a660801a125f568686868686878a5689e1e0d57b095e9719c308c232ec38071f1f23822435fa47c7e185ccb49090179153c903390137efba36fe25befbd8773dfe3d46dbbb5ec56dc965016042ceff7aba881bc3a760fb97939b6d2d6873ea8034534e94e3d6e6f6f713a9dd6300a16183c82c6ff74f5b946266c8c8e080597c77d31b26c6df3eae1f63211d36d77997ce80e23da1f8f9c595b6abf7b5e2b21846df71719232d830500152dec78f696d0fc1fd607f35461dbf0186a9880122975af67c2c6a136de58d967f56ad279e3adf67bd7a792485db5d6df750cac0c9dab4ad8bdf9a87568f9b576695d3c36def17cacb65dcbd17b11d7e95d7f4ab2751c3cc150cbe6b1f1e6898e6bed7eeb89a8b5fbd511d1af792b1df59705bc9a7785c1f33af1dae17da7bf6b5fbd76b3fdbc3ab49e5a5d5e1f8edaefcd41cfa3488fbbb25b7b326b686868686878a5687f5a5f5bcc57dfd8c3ff9c122e53113b6e2f175ca64df0e063bd73f57ded18fd7ef73e032117d1e3e36f7c808fbffd2d9cce279cfad3e2e111d1f54b0e8f959c5c938fda83a93e60979d62164f9083875e86475c328af0f1e8d123bc7cf9122184d52b838990913c0b536172ce2bf02a98307107f6de104ca4ad3d47093c01ec84036fe55febe17335fcc1daabeee2d6aedad6bbdc268ff4da6fece5a1c29bb6c7137a34c6de2365f6aa828fd98afb6965b3ddd97efc1b9fa376e772b8efd334adbfb11d732ee14d6c33edabb683e79347d2f97cf63ed0ef344c86edc9af35825e23a19c88d7eb03d7739fbdedb32632ad8562a8edbc79cd9f6d7e70e8918ec19188a47df68422bd07695fbc3e79f3a0d67f8f687bf5b3b8a0d8eebbf1f0f8dab5aeed3cb29ff65dcba8092a5abf675fbd87dc779eb6d5b33197e7b58b5fbd509910c2f260d61299363434343434bc2ab4f096d718395faf82a69430a519c330e36eb8e0328e982b0ff87e99feaaa477de8ea8a4195856bd6306524ef8c63b6fe107dffd088fcee72278ac5bd37608b00745ac5e1e31c6bd37074ab80b70fdd0ea3de06adb6a9fbdf739e735848649aaade2735f355c83c1393c98e80358850325d535f2a3de172c8a58424f154bb81e7e3857a2cf36d4877925a1d63e2fff40ed5cfbec112e6f5cb84c5d99d679a85e154ae0d9965c26afba6b2e0d3be668255e89a927be68bfb41c00bbad866bb600f6c49afba9645ceb61bbf0fcd0e375de68591a26e3cdb58740e7040b494a2aefbb4f79f344e7ab96a5d701137b6d9777fff3c6586daaf5d5cebdefbea4738cfbe97daf6d7ae87cf4a0e3543ba7e615c273ba36ae9e70f0d073b44efddd445befdaf6c69bfb6ce77b02494df0381e9ffbedddd0d0d0d0d0d0f070344f8fd71c4c12524a982d79e970c1302c8207ee173c3c52725fbd2b49cc69c9e551bc3be679c6d39b337efb3b1fe2c9d32738f5279c2879a9ad8e755d8fb06c51bbb621d22a5a8840a63c1f387e78f756f3bc736a020e501e7c4d50b85c2e3b82ec6d8fc9db73b2a011635c93945a7d1662c1c7007b2f8d5a9bb84ec0df19c323021e91f1569e01ec76c6f0426e3c326efdf088a292731b77f67cd13a3c22ccbb8e7884c47b55a184c7d1faa024db2b8b0936433d6bd4466a07255d356f133e86a12451899afe5613a53ca8bdd5e66c1faddfb30d97530b9d385a45af853dd40417b6c5513bbdbe7aedd7ef8ec6a3763ec2b580a3f3f63e9145e77bed1ad7301e9d03da6e9d2f7c8e07cf665a9e774daa6d8ecaf7da745f1f6a63c2f7995ad88fd716ef9af1eaf1cef78e6d3bd6363434343434bc3a34d1e335863d5fd9c3734a09c3541297dede5d30cc336616271e54a64f04bc07d99c12b0e4eec879495c3a97ed69bfffd1b7f0de5b6fe1a63fa1ebbb2bc1835dee43bc8eedf7eaf51e5cef23c20f79606518b1d2f62ad1e8ba0ed334ad2b8b762c132fdd61c3f3dce8baee4a6c601bd448636dc70b0ebdd095cf9aeb3fffdb04a97d82535e4d67b1629aa69d6d340c45fbc5f56b1ddc46b5911ea77dabe5e4d004af46e8d57b826dcc4287972fc45be53f9a73561f9371b6917afa30115522c63bd42809e6c4a76c6bee23b7573d66b81ede2144ddfe159eb0a6f71cbda6354f8ece43150cb4bf7abe6eb3ab4960796cbcfb86d707cf3b868ff7c674ed73a80b4e3c97f8dad2b6a860e0793078f74715258fe0cdd7fb0410ed978a37f65b2ddc84c792ebf3ae45aeb32674d8b9351184bfd7bf33da46fd3be7cd97da393c96cdd1a3a1a1a1a1a1e1d5a2891eaf318a63c52678cc29611c26da9e365d918f7a59c7c75dff56b6a2cd79de48644a8801f8fe87dfc047dff806cee733fabe2f5e1e7d27a40b28793cccab63ff4019437d95ee2178c8b1de31ba6a6ab919807d780a7b0fd8c3ae6d5f3bcff37a1e9338134698c0aa37484d6ce0f632196751c0be57177eeb971d639fb95e1677ac2f4ac494ac005893bd6ad94a626ac4cf5b5157b2aa5e134ad8d93e5e5bd8966c631688b80e1b4725347ddfefdae0e58560d1c0de7b3940f8d5ceb75d5ed45e4adab5ef4ce2bcb279be2941d372785e6b99dc5626aa4a023d61ad5616ffcee03e691f3c21d0bb6e6a656a9d1e91373cc45bc2bb4785bc17f0f8fa6371b156ee910df49ee0edb8c4c7d7e60497a3f75a3ba61616a565b198e11de71d6ff0eeab7a8ef6c9fbfde86f445efecee8ee655ad651dddcafdab1dbfbf668d6d0d0d0d0d0f02ad1feb236ac84e9328eb81b075ca671d9ade5e1a12a47bf31b1dbde076ccb59a1787de48c8fde7f173ff8f8bb45f0389d168f891e5d642f8f80d88592cb23624b405a327da00b712bb9f2f079fcc0e9c37b2856620f0097cbc5dd05841fea4d6cf00862d77557c499c50d7e6866a1c15b3966c2c3abef06262bc075e809b7ddb3914bd8c2b55b398b226a476f771b6b83e765e0b543c99a1246fd9d8524ed8fd7678ff019d1f244062fd44449196f3dcc657a7daa8d3bdb97fb65edf256f7bdbeaa2d956c0338f4ecf03ed74836874759dbf91cfba7e2171fc3fdaf85f568fd5e590ced2b9f7fb4a2cff0c6ecca8b83cab4efbca4c35aafb5d113268edaa676d2be681d9ea0e35de30fbd77aaf0f1907bf2513d2ab8f0f73591a9568777ff76af95d50127ecae3515698e6ca7a809670d0d0d0d0d0d0daf1e4df4784db170ea95684d73c66518717719304ed31ad66278c8031913c543640069464e8bdb7ecec09cf0ce9b4ff0fd8fbf839b478fd09f4a1e0f4b5e6a0fb4ba921d4228793c0e1ec26b0f94470fc347c71ef53fc6886118d66493bcfa6ed03007cf55db08b1b547773fd1f69a17887dc75e1b4cac2cf484c78acb650142ed02ec436c3cef1326dc9e3dd57bc46cc6365172c86de4efb5df46ae74971bb6197bde30ac0d3502cedf69ffac2e16409840a978e289535e7e12fe9d452316c4ecbd27d03009e4dd60f85c156cb80f2ca2e87878f6b57ea898546b5b8de86bdf0d5e4e9ca36b9ecb3c22dc3cf7755c6aa2c04388f9d1dcd776d4ee456c13fdddb3eb7d1e2a3a376ae2416d7c8efaa1edd1b1f27ef33e7b657b76b1f79ea0a9e7ea3ded3e3be9f73ac7f55af68e3b2a47e799daa93d99353434343434bc5ab43fadaf31529a17c163c6651c70b90c18a71173de93cfda43a2e1e8416f072b1714369332d23ce3e6d4e3b73ffc36de7afa04e7aec7897262d803ba3e30c6181143f1ee28fbb6f80f96fa505a73ffffb5fab6609e679ccfe7d2ddbc6d435bab9f3d38346484450b152aac3c3bde425dd86bc4fe597e112bd3609e1fec1ecee55a1fd48b84b718557185739328795ca781ac806b7e11b591175aa32484450b6fae587da7d36927522831530183dbab44fe4a7c13bb851076c967f95cb3998ea5123b6fcc3def0bcf9386e75dcd5bc2ecc7f569e25baf9fda3e1e4bf560f0c2803cf1925ff9bd5e1fdc0eefbd17baa2a21a5f8bf63dcf431d4fcdf9a2e3e68930b5fe18548ce4f2bcf3747eea2b1f7f9f98e025c2d5ba8efae3917ebd4ef55aa8cd7185feee894c7a3cd7ed85da68b9dedf00afef3a0fbccf47f66278e255757ef87a53434343434343c39744133d5e5b14429452c2304eb8bdbbe06e1830cee96a85cf5b39f370248c0028f1d0b9e4ee081945f048095d007ef09d6fe39b1fbc57766a59c25a8cb0c718113bf6f228ff628cab8787f7a0efa1f6a0fbeb428989adac5b6e064e7ec90fcd6b3849209280bd68015c27eb33f0ee2f2c8ca828c004d8ca635262e4d4a05e351ee960a2a61e0e4cc03947089fab9f792c9848b2007144c48edcf45514385ae156826dbfebee1e0f816effab653f64f59fedaa2457c7d31b7faf6c16a5747c792cbc302d7e6ffd51c26b502186db6ba8917cfeec5ddfb5d57a6f1ee95c663b7059f791fc5a7d1e51d7df6b5e013cb7efc351ff6b6dd7e354d053bb78af47fde772bdf375b727ef182ea3361f8ec6dbf394aad9c53bbf26ace8bde5e86fe1d15cb9af0f57df555bdcd0d0d0d0d0d0f065d0448fd714f35cbc0c8669c2dd30e0ee72c1384f4842f40cf7091a1e9884e5941190016c5bd3a69c1090f1fd8fbe8def7eeb1bb8399dd770167b5dc977d81ecc632cff6a84c3de7b0f9f0f1570b43cefb79a4d4ea7132e97cb552807b00f33b0877500081918c7b1782c504253f5fa30e2adbbb418ece15fc99cbe6afb95b4f2ae2a86da8ab0d5abc72811e11c18d6871a11f4c89d676f0d7bf1e6007feff55905172dab4662740c6aa4c90b99a98d1b43bd0c3c1bd44823704d36b94dde58b25dac8dde1cf6ae2125f75e6e053d56fb705f99dacf1ac9e5fa59ec528f0cf60c3a12ccac2d1a2ac636d4f378ce7bc24a8d14eb7bbb4ef43b6f4c6b62b58e1bdbb376bd1cb5a9d65feffc870a267abd78b6e2be68993c7e477fab54c8bcaf7f5e5ff4fb9ae0571b33af4d0ffd9bd4d0d0d0d0fc76e1820000200049444154d0d0f0e5d0448fd714d33cde8d79be1b86b245ed98664ce93a7effe8a1f53eec56d04a81e51f803927849cf0f5afbd858f3ffc261edf943c1e9bd8119644a5fb07e79dd8b1a42eb5ba3c22e0fdcb3816481ef290ae9ff9215dc9744a69dd9e967735b1f7767e4206a2ef6da044d90411f6e0e07c154696349125d7cb75ab6783b9faf303b9fdce628c95e9ed7e615e2e9e17828249a9d5a1d03672bff4b75afe074fe860af0bfbe7e577f0e0cd01ddfe546da7e7d74417ed77ce7927642889e73e6abb95e4722e14b5917dd671f3441e4fec3af2ca39b29d5e836a03fede0b4ff03c79bcf9a2edd4b9ac65a95db97eeffea8b977cc034bc3a3f41ccf1656af8642313411b237ee7a1d7b63afbb21a9cd54c4ac8900fa9d0a6cfa5ecf51db1c794768193c4e5e5b3caf166fde1dcd21eda7377ff45e57b34bf5fa684f660d0d0d0d0d0daf14ed4feb6b8abb71bc1defd2eddd70c1659a30cd0f0f220e21001551c0fbb73b06013117cf86278f6ef0fdef7c84a78f1fa3ef7bf43b0f8f0e5d8c8811881d106246ec00848c10b0e6f088c1df6af348a0f8326b6adec3abd7bf848cc13c36c8b3c1f2679c4ea75dee0d2612e7feb46e5509ec1f8ac7717457e75948e1cfdc3e263e2c70e8f746aa553cd063ac7d267eb0078a892a76ae2646e572ed5826172ab4589f94a87af66712e2f54357cc75cb5816916c071d8f942931f20405858a2e6c2b4fe0b25725693cd606158c587ce1cf47845645057df5f27a00c75beb72f97a9e1ee3e51cf1faf990fe7865dc47d4b5bc87905d6d9741e7288f0d43f36a288eeca673e4a89d9ea0e4116e2b4bdb629f39378ab65ffbcde7d96f2a50d8bcab5d5b5a6e4d20d0f1f3aec9fb4414af3c1648edbcda1cb6f3f43ea9fd3d12587668393d1a1a1a1a1a1a5e299ae8f19a621cd34f86e9f68f6f2fc3df1ba7b1e4dbc0f20006202fc246094829ff8ada10d7e7b11cc27a5c4decb007e9d875887dbffc3ba13b9df0dedb6fe3bdafbd8df392c7c3763c59e3ef290edf5b593d2202deabbeaf7dae911483f7fb5a5739008f1e3d5a8fd5e398c0aa38a2211f4c38581c50526f649889ae925eed1f136e0e9be157f64c60326d6de0eff9619fcfe376d97b255e35a265e570995edf549c61518949930a2b4af89528aaed9400e9aab9dac323752cbe3031f2dae0ad22b318a3f531bceb50cbae91b05a19dcf7daee1e5a47cdfd5f8f571baa5df45e60f6b3df95e8ea187afde3e35460f2c43a6f9c6ac28ad67d248ed4bc636af7a72368bd5e190f697fed37af0c6fee79f34d8f61dc1726e641e7c811f49e73d496fbead1f1b563f478efef494d706a686868686868f8d787267abca6f8fdffe1affd93dbbbbb7f304ed3df4e097f6fce657129019b17c72268ecfe6179400b01d11e4ee95fa67f58848b1023d04584ae47e87b84f309fdcd0d1e3f798a473737c5cb63113c6cb53850f99e5bb9e1be87e3dac3a447061ef21bffee111a23a5d334ad247d180600e561771cc7b54fb6cb0baf8232d9af914ff65050af8a10b61d43f87cf504e0b23441278b1231c635bf87925cf358514f0383e61f3170fbf43c5dfdd6956725c30ced9f8a31b573555860d40812b7ddcee770266e838626f031dc06af4c25ec568f97c3e088d469196c1f0d9fd09d77bc7af4d5f336f0844aedb3e7e1a284bd2602e81c7988407154b6fdeed9dc9bab7cfc91ad3c9142e7a7b64fe7ee51bf8ec4845a3f3de8fc7be8bdd56b47eddea5f7ef9a80f390797cd47ff5b6d17668db3c3b7b757a6dd6396ef5ab607cd48eab72db93594343434343c32b45ff5537a0e1abc3fffe3ffdf53ff8f7fee3ff04dddb6fff8bfce2f91fe5697c1c303f4aa9a4deb0e7327eaf080052ceef22e3eb21867fbb049da4e597002023e7841022167f116049697a3a9d70ea7b9c4ea72278f49b9747f1f400625c1e9643583278f82b8d57e42886250006ebeffc5e1faa8f1eb0ef23da5cf79cd21aa263bf711e86beef57226cc7f0b69e4c9c95842891622f8694122e970b9e3f7f8ebeeff1c61b6fe07c3e6fb674841aef7b0e4761dbcef37c15be6064d95b6d57226a5e2d400989e03c044a965424e063d93b86cf65af02b6bdd76e3e57458a2372c8b632fbb1d7860955babd3087135919bcab8b861bb14d9584d6da677de7cf4c3435bf0b1faf656bee0eb597b6478504b6b38644a8cbff7d7de071e57150a180fbcae5dbf8eb58e8986ad95aa6ce3b0dede0f3b9ff76be0a345c978e195fff9e18a2049ce7a196c963c7f5dbfb9a08a0e3c23657bbabc8c8edd5638fc4919a1dbdcf4762494d04d3f6f277c0c392a17af3bfd6364fd0f3daa265e59cdbee2d0d0d0d0d0d0daf184df478cdf17ffe2f7ffd0f7ef72ffedebf8821fed11cf1384de11130ef448e031e080088ddf9ddf35b5ffbfa348e7f07f3f438203dcaf30c987a820e4508a1447e617ef7d49fbed39ffa1facbbb4045d195eca37127e9fe0619f81a2af84fb3d3d6a2bc40f7930776d11f65bb42a79b5f7fcca648ac911937123909a44d4c8eccf7ffe73fce4273fc1e3c78ff1f1c71fafe49f3d40b81f9aaf828996e799c07df056b5752cd4aeea09a0de051e51517207601752e3adb8aa1064c4d723d3de0e38deaabbf7bb92717ecff6f6c828b7b3f6bb12481558bcbeebf9365f3cdb5aff95a4b308a3e208d7ab245885028f54725ff41aa8f58bedcf63ab50e2cd36601bf1ab57861eab6dd6fc129e1060bf7b028497ef45eb382adf83172e56bb066bc2cb7de283f7bbfee6d9416de1cd5bee67ed7eecd5ed8d57ed5e5ebbafd4ece5b58bfba5e7d550133bb4aca33168686868686868f8f5d1448f06fc1f7fe3affd1300ffe4d729e377ffe2effd30e6fcd19cd3e390d3a3900266a00811ab9bef4672bffef56fbe7bf3bd3ffd17faee165dd7fd208480ae8b083be1a3787a9487c17ace10c3fa2e84ea4ad97d0fd4f73de4d7c8a67d6fc46618063c7dfa14d334e1e6e6c62508f33ca3effb95980ec3809b9b1b007e4c387f6721222925fce217bfc04f7ffa535c2e17bcf7de7beb3156aed5a3abd35c2e1364eb87b72aaeb943ecbcda833b976d2bee5cae96a7edb3f79ef0a0e4e5880879c7aaf7809ecf1e022cbad41284b248c0dba17a5b89daab92696fd59c8ff5ecc3fdd4dc266a0315727455bab632cdf5797de763d80666af9af0a27391ede8b5c3ab8fe109302a1c6a3d35e1c53eabb790867f79734ec7f8a8bd1e744e68d9369e2c5c79a28fb645cfb163755cb83eefdae6be6b5df7090c1e6ae2c043ce51c144af37ef7e52fbdd6b031fe3957f748edae5beb6e87c69686868686868783568a247c32bc197114efeabfffabf418cdd4731c41f704845d717c1c3c259822378d41eda8f56fc8e3edb77472b8eb5d5648032fd8788719ed6901d7b48b6f7bcf2cedbc25a1935b776a0e4c2b007ee711c717b7b8bcf3efb0c9f7ffe39c671c43ccf389fcfb859f2a4585d56cf51f805d761c7d80338271055e2cd249b4513266cec41c29e2766cf6118703a9d0e49e57d0488c515154a8ec8bf37f65c8f6e11cbc2d19138c363abf6e5bc354a44ad0e0b83e2ba78ee68db797cecd5ead279eb855df036c65c1e13fe23a2c6ed50b2c7735c053c150c8e84909a60522b47ede309016a3ffd1cc2f58e26dacea339e5dda7f85c1520b48efbc27ab45f2ce4d4440bcf8e9e48e4cd6bcfc647c287de536bfd541b3d646e78e7d7c40515a858e4f33c9c6a38ea83270c719f6adf797584b67b4b4343434343c32b45133d1abe32bc7dc2af80f8ab08dd9561211bc1173c0c470fa78c871cf75051a476ae3d38775d87f3f98c711cd7f014dbd6d31ebc39b4818967cd8bc08482799e310c03c671c4279f7c8267cf9ee1e6e606f33c5fed04036c5e096abf9c4b4255db3e97c37038cf088b33d61626e65e7e00134934c483cbd171342f141d632552d334ad5bff8650bc5d58586270688b8a213c5eec91e1adca32f13d9d4eeb381cad263334ff83dab236c73c02c973c5ab4b099727bcb080c2b650018edbefb5d70ba9f0c40f2b437fe33299306a1255fead569f86081d0924def9dae6a363bc7ee871b5fa8e3c3e9494ab9dd516da4f9ecb476dd3fe7a38f234a8b553c58d9a18719f58e1b5f13eb184853def38ef6f466daeaa6d8f84a5a3ba6a3660786d3812431a1a1a1a1a1a1abe3c9ae8d1f095a14307c40c64d98e322e0f9d4e0e8f23a2f85071c37b60f5c89257c77df5d8ae2d46ceed9557ddadbe9cf3ce8bc2c404fede726f0cc380699af0e2c50b3c7bf60cbff8c52fd0f73dcee7f36e0715cee5510b2b6172cbdf3139e39d5798f86a4e02ebab0a1f56bff55b8582711c770206930d168b58d86082ccedb49d7f544cb2e3d8c63592530b41e12d7359f8a8cd0d8512a5fbe69712277bf5c28dbcdc187a1ec3e6c2388eb8bbbb43bf241106e08a310fbd56bc156e8fb07a428e6727153e74dc6be06ba896a7858fb3b2bd76d4ce63dc4784bdb23d72ade20fff5e0b9ff16cff1011cdaba776aed7761e1f9dd39eadbcbed5fa5243edb887deef1f82da587b6d7fe8df082eb3e6d1c3757dd136373434343434343c1c4df468f8ead001317608c80801e51f12a205b5c84aa6a1f6dd7d0fc54765f1678fc8dcb7b2c7e59cfb13866158bd027455d24833136a2338269a187933cf8e699af0e2f6253e7bf6193e7df6295ebc788177bef6b59d88c1e1314662cdcb4477b1e0fe85b0794d681e06132694dc2899b23673bd2648581f79259ac337acdf1c9261651f257eb4730d2aea98178bb597c782c376343781dad0ca6281873d23749e709b6b449d935a5a9d2c4e3194507b63c9dff3f1ea39f4c9a79fe09ffff8c778faf809de7ffffd55305212ec917fbd36b47d6a476fd5db44318f487ad75b4d58613b6a7bf81aab914e2dcb23a54744b7260801d7f3d03bdfb3939dcbe223b7a35696b6b136365e5f3ce1a5e6dd53bb07daab9730b956877ea722ca515d9ea8f650e144db05dc9f4499fb7754de11742cef6d6b04a7c06a686868686868f835d1448f86af0c5dd701f2d01bef49585a7bbd0f47ab6c47657c919542006b42d277de7967fdcdc232420818c7f1ea9c699a308ee3ea11314d1300ac82c7dddd1dee86b21dedf3cf9fe3f6f676f186c02e9c25a584f3f9bc2bdba00935d963619ee735d4c5088789162c02b03862f519c966c26ee138d60e23e3769eeea662ede372ec382643ecc6cee489499495c5c75b3bb84e26b94ad6344cc88e6171c9729f78a4f56897153e8eeb66b1c2f3246172c7044ac755c9b6fd360c033efdf453fcf297bfc48bdb97e863b7db26d90420ab83dbfed0c48a2a1c79c959d98ba32694308136780948ed7d4d5ca9092735e14fcbff224495dbe20928b5f6e86ff63dd7af0958191e613f4ab46abfabf714bfb26054f350d0bee87135c144cfd376f31cf0eaabcd955ade15cfbe5efdb53138125a6ae71d894a0ff97b927346384896dad0d0d0d0d0d0f0c5d1448f86af0c1d00741d00123e8035ac05f8f22eccf70919f711992fba9207ec57ec534aab40608202135a1303f8bc711c91735e93929ae8f1f2f61677973bbc78f1027777b7989784a65a1e1323259df66aefd91b81493e9fe3adc8726e0826ff06133834e783e608e1649a7a8e47643cf2a1fd532f116f7c94e430f153b2c8f0f26328913378848b89bed71e25590a2ed36b838d078f9b8544dddddde1e5ed4b0cc3888c8c18229e3c79e2daaa46d66b8201f743c78f7ff3fac7fde164926c0fcdd7e009136a571de39af0e5915a6f2c6bf7179e3bfa9ba24686355444ed0a6077cdd548b63777bcebd21378bc31f1caae850dd50401bdbe6a76d0f67a75797d3c128dee83d79ea3bf0b7a9c578f778daac791374eee75df3c3d1a1a1a1a1a1a5e299ae8d1f0d5a1eb103300cbdd015c85b500f530921aee133c8e8eabad48da774704c8f0f2ee16efd26f4c00398cc43ea79430e704a48cbbbbbb5510b91b2e182e17dcdddee1e5cb97b8dcdd619a6764f8e4c2c415602f6a780fe3bc426be4823d312cec816d60edb2b2ad2fba8ac96123ea85c0755a9e0f8fe87a448949ab850e99070db0e54ff1567e9974eb56c156aeb76aae7653fb298e449adaaab10a231e2952f2ce738a49e93ccf18c771f5ecf8fcf3cff1e69b6f2207202323e58c8cbcee965313056a049a89fa43fa67e3511382d8eb4749a7373794b473825aad573d85bc72d87349c517150658a863bb981713efaea47d3f122cb8aca3dc0f768e8ecb115937b038e479b0dc47fe8f840d857aa6d48ea9f5bd56fe7d62c94350bbd66aa211ffee8d9757bef7eaa1f6f7a4a1a1a1a1a1a1e1d5a3891e0d5f193a003944cae9b13d28d6def3eb43df7bd0633d42063cdcb5ddce61329f73596d3f9fcf3bd2c4793b4cf8b073a679c6380e1887119771c0300cb8bdbbc5308d98d276ce52eb6e379194126e6e6ed624a19653c3eae2c4a19e3bbafdb373d93e466478a715f61460e143f36c70df3d1b7be36665f10a359f63445349250b1e2a3859396613ce5dc2aef5c09e70d7c6dadeb3b8a3fd52d1c71373185a3f937b4dd2cae149f6cf3c3b9e3d7b861ffff42778efbdf7909091d335c15581c3131bd98e4a02d9e6561eaf6cf3314a80d9161ee1e6f1327be8f6c16c0716a2587463db79e291fdae7dd5b9501b7f0ef1eafb1e97cb656723f5aef0facc6d3912930c3c37b9efde18293cd1ca5ef97b1db787082b2c0a79d783b6c3b3f1d1bd576de4cd2bb5a98a295aa627be7862cd911054bb66bdfeab2dbcdfcbe7e6ead1d0d0d0d0d0f02ad1448f86af105dd9a9251f0b1e5f6635ec8baca279aba75fe4615f098a26c0e450147e30b6701623abc330604a33a6a1acd49be861e12e9c57a2fc2bf5ebcaad793f70c808b0913f256000ae04123b578989915b5d3566a2c2e447ed6865b3ad4da431b2c4abef2c4e288164c1c1daafe36522140b10da075dfd361b71fbf9d81a89d3b160627edf8ab52784707b998c5b4891091d3697c671c4cb972ff1f9e79fe3579f7e824f3ef904efbffffe551f785e785e2b3c664724cde6b2176aa36493bf6732caf347c758c78cfba0e49ddba60298d6e98d9bd777cf4b83c5013bd7c6c376c2d1b2bd7bc951be1015ee94d0d73c8dbcb9a622141f1742c0300c78f1e2053e7ffe1c01c0bbefbe8b9b9b9b55c8e17a6be280f6d1b3ab778e1ee395a9f72a6fbc8fcee1b6e975ee0944477f378ec424601f86e41d531340b4ad3967f82d68686868686868f8b268a247c357870e88f01fa8f53bfdde5bd97b300280073870780fda35b07870ee4f2b11324f0c3ec63c3b4cc8b0dd594cf8b0f084611a57c1639aa6ab07f30c7f45523d20980870ce113ed748b46d69ea1104fbccdbef32c9e2bad97ef65edbc024dcea8b31621cc7b51c13485880f048a12581b563d5b34409090b1256a66d91cbf6f0e6406d5e2809d7700825bf2c1ea898637d67c186db6ae2d0344d98532a61507725efcba79f3dc3f3e7cf77f643de932c2ecfbe63c1c7130754c439ba0e9950aaf8a0a2868eb127c6b18d584c5161c6fae6e583d0b67a1e0f9e50e7cd63b30f8f13ef84a384f6e81e5213038e44063dd69b8f7cbf608f299b3bcf9f3fc7279f7e8acf3eff0cd334e1fdf7dedf851ba920c7efb98d6c03edbf37d7f5bea4b8ef7aab890e355ba83dbdf1f1cad0ba6a63a0bf1f8d45ad8f0d0d0d0d0d0d0dff7ad1448f86af0c1d00c408386ed586da6aa3472abc876d2d07000236c180f110e145eb561861e8ba0ed334e17c3eafc7f10e2d6b38cbb273cb34cfb80c9755e028df4dbb3c01dcc7699a10f246560de3385e0914e7f37947488c48021b81362184c9117b5c58d9ec81c10ff8ea956065dbfbcbe5829b9b9b2b62aff9454208bb7c13fa1b7b6e58dfec770e87e0101dcefbc0de0926965859e671a25bc26a3809f793edaf613836d63592a5f38785287ecf22850a1ec330acffeeeeeef0fcc573dcdddd611c479c4e275a39de0b27e7f3f94a18e0f6a970a6a85d73f69e778361b2cdf6f4c8b5fea6c283b5cdb3a11dc3db211bac3cbb06b52fd66616553464c64b285a13b2f8bdda52c3483c11ce13685894522182dbe4951fc2e619f4f2e54b3c7bf60cc338605c44be94124ea7d37a8d1e1178ab93c745b7e6e6796bd79495cb76d6c4a8ba4b0f4305133ec63bc7fbce13c4bcbf1935d145db74f877e6404c39baa696865efdded0d0d0d0d0d0f0e5d1448f86af0e65e3168418d695e8da2aa7a1f6f0a90fe7472b72b555ea87aebed5565c4308400012092abc220c6cdbd32a79bd8c03c661c034cd98c8bb83892a13c7108a70c36d31b2c7c799e78689304cccad1c6b077b5cccf38c699ef1f2f9e778f9f2e56aaf61180aa18f65bbe18c8c6e115034e7c2a9eb9196dd42faaec38b172fcaf15d07e4727cd77598d312768380ae5fbc503256cf0bde4ed7ea30126aede6a4a84cfc4c0c61e2a99e229c5cd6fac136b7b1f5080ee756b0e395f02a9155118b8523feccc28179df986750ce25a4e572b994bc2fb7b7e5dfcb5b0cc3702586e5bc278cfc4f7331a888511316f97bf5c4d07c2f56beda81cbd2d0206b03db9bebe07672825df55261c26d621f976daf1c5aa31e2d4c946b612fdc37cf6b85fbe985fe30bcb95613cbf87b4f74b07bc9679f7d86e7cf9f97fa49f6b56b07cbb96c4baf5ddc17ef183e963db018350187c74e8515bbdef5fecf82a7e6d4f0daaeedf1eefb478285d7679e232674daf747e35cfb7bd6d0d0d0d0d0d0f06ad1448f86af101d62c8402e620150a24e42585ee5684f1079088e1eca5f155612990ac937518357e9818d60145161c2382da12dc3883427ccd3543c3cc89362f7109fb10a4459ea4fb9243265e18209fce9745a09828a1c4cf863d7619a677cf2ab5fe297bffa1586e102985749a96c0d114a2921c4b809304452baae2fdfa78c10292c2067841811634008855c75b143ecb6d5f5b2427c429a67f4fd693936227611a7feb4108cbcd6d3751140583d3fbabec3a93f0101e86377b545afbd3259511182139c7af385bf67925b23a1c0b6d2aca4d7e6040b08365fecbb712a7384bd3c2c71e9dde50eb7973b8c942497eb2d17d5de2b85dbbd9bc38eb061edb5300eee87d9d123b06a0f25785a978d0bafc833f16502ec892cde35ed6dd5ca73c123c94a5a6bfd51fbe99c31a890a4029312fcabf1abb48f053c2ec7ee3f268c7df2c927f857ffea5fe1cdb7dec4e3c78f77e17deb1884bd4dbc7eb2605713b15490501babf0a6f775ef3b6fdcad3db59d62bc30382edf9b7b6a5f15fcb82ddc4faba7effbf5fe5a1bbb5a7dbb72170fc8868686868686865783267a347c6558680a3274a52da07c0c55e1a3f6dd43858cfb56f71e028f448550da6caee4ecdacf6424a5b4881cc5a3625e08cabcbc9fd3ecaf7ac680795a562a33ad9687221c30196052a224d548afae928710d0c58834cff8939ffd0c97cbdd4664987824239c3342de0b03d6ee71be946d52e7b48a58194036c28f5cfa90f3f25b2ee47cd96924179e8e9cf7c4694f3cb731e8ba0e5ddf1711669e71737383478f1ee1edb7dfc61b4f9fe2cd37dedc85bdd84a748d742be1d5f086a379a1de064ca26c2e70889037af78579e699eca5c11c1631c475c8601c3e23d34a72d7f0c0b48dc5ef37ce1faf8376ba3927d60db1658893143452426a62a54e8f9fa3d1341bede74bb613edfcbe9a2b6e53ef06f3c76fc5e6dc8f52a21aedd1754e4f0ee5b5a8f1deb95c1b6b6e3cc6bcb048fdbdb5b3c7bf60cbff8c52ff0ecd9333c7df30d24878c0704f45dbf2b4fdba664dfee1bde187ae578e5da9cf0c427153f3cd1c19bc79e38a5f5d5aedfdab8f07b4f70e2503aaf4d3a276a62cbdaeea677343434343434bc5234d1a3e12b85ae781a021ee6f25b2308de6fdef7470fc0de79deea1d3f609b88c0a114bcfa6a84849393cef38499b6add550096df3f6d0cf0ff2c0344fbbd566239a1a27afc49043462ce4e4c73ffa11fef93ffb674800ce5d878ccd3b20a584d8178121a58418620951221b442390d27e6fc53d848079113ec06420171124a784396c2c2015b713c4b084962ca2c878b9b3d4aec808f8fcf3d2869ffdec67f8e0fd0ff0f177bf8ba74f9fe2e6e666252be6f1a263c9e4df44a2da9c6092c7e3edad6e7bbbe2f0f1d626f3d4b1cf9cd0769cc6928f619c70b9dc61b80c6b325c2682de6e37f67e188635df82ce313ecedaa1c94495a8aa5062b063980c325164e140e7b947aabdf9e35df32ce869c25a15066b02097faee59a602f131e672da3d6ee9ae066e7717bd9d6da7ebebfd87cb9bbbbc3f3e7cff1e9a79fe2934f3eb912bbb8acd85d879a70bbb81d6c6315f73cb1c1ebbb7dcf61446a939a30a0df69f9b539a8edd371a9896306b681978f46e7f3511bb91eaf6fa143133e1a1a1a1a1a1a5e219ae8d1f095a346346adf3d44ccf822bfddd7367eb0adfdce2bd008d8916a238c4c88cda3a38423a4d5db639e67a479464ad7a4d84886278a94b66c0fe256a7bd3239d77659d9abb7478cf8077fefefe20fffd6df460036d2bff66b1140e2e2298188d0458418d1f71d428c0821a25b8854881108017121b07ddf2303885d5cc25a2290cb673b2ec6f25bb03282fd1677c425867d98cffafde2e5d0751de63ce397bffc05de7eeb2dbcf9e69bab8d4c20f04204386ce3be39c473c444026fee78de003aa75814b3b136f1c3bc87c669c234cd9b10b27caf7960f81fd797525a1356eadca8adac735f99ecf22a77cab9780989080460db892646a4459ce1737744720d5beaae48bfe741e0893656b7177ea2a4d5f308b0f33df144c7bb46986babfb3a4f3c614afba7a2c0ce632c6d5b199b17d0dddd1d6e6f6ff1fcf9733c7ffe1c97cb058f1f3fbe12aed676e5bd378d2746e99868bfbcfba37a70e8fb9ac87274dde97575dfdf8b9af70cdf471ed217beb7d4ead2f1ae093147c839b72d6b1b1a1a1a1a1a5e319ae8d1f0958157a215b587de2f2b5e286af57aa891177e70de7d87ed3b2526465e732e39389291dbbc84b464f2689015682b632512dcfeb0848f48bf38699faed0eacae5da1f00fff267ff02cf9f3d4317e38e20d6dcd677abbea178787446fe62c464a41a461a968097451429655bbbcbf7d10493e5d822a0044473c30fc0e9e606b1efd0f73d1e3f7d136fbcf9069ebef526cee7334e168ad17598a7119f7dfe192e97cb6e5713f324b0f7dc1f26811a9ac063a4a447e707ffc6e36a6d984804e06358c8d8797b8c, NULL, 1, 0);

--
-- Indexes for dumped tables
--

--
-- Indexes for table `accountstatus`
--
ALTER TABLE `accountstatus`
  ADD PRIMARY KEY (`ID`);

--
-- Indexes for table `announcement`
--
ALTER TABLE `announcement`
  ADD PRIMARY KEY (`announcement_id`);

--
-- Indexes for table `currentstatus`
--
ALTER TABLE `currentstatus`
  ADD PRIMARY KEY (`ID`);

--
-- Indexes for table `documents`
--
ALTER TABLE `documents`
  ADD PRIMARY KEY (`ID`);

--
-- Indexes for table `schedules`
--
ALTER TABLE `schedules`
  ADD PRIMARY KEY (`ID`),
  ADD KEY `Currentstatus` (`Currentstatus`),
  ADD KEY `TimeSched` (`TimeSched`),
  ADD KEY `Document` (`Document`);

--
-- Indexes for table `students`
--
ALTER TABLE `students`
  ADD PRIMARY KEY (`IDNumber`);

--
-- Indexes for table `timeschedule`
--
ALTER TABLE `timeschedule`
  ADD PRIMARY KEY (`ID`);

--
-- Indexes for table `users`
--
ALTER TABLE `users`
  ADD PRIMARY KEY (`Id`),
  ADD KEY `Approval` (`Approval`);

--
-- AUTO_INCREMENT for dumped tables
--

--
-- AUTO_INCREMENT for table `accountstatus`
--
ALTER TABLE `accountstatus`
  MODIFY `ID` int(11) NOT NULL AUTO_INCREMENT, AUTO_INCREMENT=7;

--
-- AUTO_INCREMENT for table `announcement`
--
ALTER TABLE `announcement`
  MODIFY `announcement_id` int(11) NOT NULL AUTO_INCREMENT, AUTO_INCREMENT=5;

--
-- AUTO_INCREMENT for table `currentstatus`
--
ALTER TABLE `currentstatus`
  MODIFY `ID` int(11) NOT NULL AUTO_INCREMENT, AUTO_INCREMENT=5;

--
-- AUTO_INCREMENT for table `documents`
--
ALTER TABLE `documents`
  MODIFY `ID` int(11) NOT NULL AUTO_INCREMENT, AUTO_INCREMENT=4;

--
-- AUTO_INCREMENT for table `schedules`
--
ALTER TABLE `schedules`
  MODIFY `ID` int(11) NOT NULL AUTO_INCREMENT, AUTO_INCREMENT=290;

--
-- AUTO_INCREMENT for table `students`
--
ALTER TABLE `students`
  MODIFY `IDNumber` int(11) NOT NULL AUTO_INCREMENT, AUTO_INCREMENT=422005013;

--
-- AUTO_INCREMENT for table `users`
--
ALTER TABLE `users`
  MODIFY `Id` int(11) NOT NULL AUTO_INCREMENT, AUTO_INCREMENT=18;

--
-- Constraints for dumped tables
--

--
-- Constraints for table `schedules`
--
ALTER TABLE `schedules`
  ADD CONSTRAINT `schedules_ibfk_1` FOREIGN KEY (`Currentstatus`) REFERENCES `currentstatus` (`ID`),
  ADD CONSTRAINT `schedules_ibfk_2` FOREIGN KEY (`TimeSched`) REFERENCES `timeschedule` (`ID`),
  ADD CONSTRAINT `schedules_ibfk_3` FOREIGN KEY (`Document`) REFERENCES `documents` (`ID`);

--
-- Constraints for table `users`
--
ALTER TABLE `users`
  ADD CONSTRAINT `users_ibfk_1` FOREIGN KEY (`Approval`) REFERENCES `accountstatus` (`ID`);
COMMIT;

/*!40101 SET CHARACTER_SET_CLIENT=@OLD_CHARACTER_SET_CLIENT */;
/*!40101 SET CHARACTER_SET_RESULTS=@OLD_CHARACTER_SET_RESULTS */;
/*!40101 SET COLLATION_CONNECTION=@OLD_COLLATION_CONNECTION */;
